csv_index,ImageID,ImageDir,filename,Labels,inference_status,Atelectasis,Consolidation,Infiltration,Pneumothorax,Edema,Emphysema,Fibrosis,Effusion,Pneumonia,Pleural_Thickening,Cardiomegaly,Nodule,Mass,Hernia,Lung Lesion,Fracture,Lung Opacity,Enlarged Cardiomediastinum,target_Pneumonia,target_Cardiomegaly,target_Atelectasis,target_Effusion,target_Consolidation
0,216840111366964012819207061112010316094555679_04-017-068.png,53.0,216840111366964012819207061112010316094555679_04-017-068.png,['normal'],success,0.11695203185081482,0.08326904475688934,0.2902083396911621,0.007074560038745403,0.0008974161464720964,0.001242282334715128,0.007371700368821621,0.028649725019931793,0.10183369368314743,0.055253539234399796,0.019691944122314453,0.12270090728998184,0.03539120405912399,0.002325904555618763,0.0032992332708090544,0.14742720127105713,0.054175034165382385,0.009419683367013931,0.10183369368314743,0.019691944122314453,0.11695203185081482,0.028649725019931793,0.08326904475688934
1,216840111366964012373310883942009181081546904_00-027-172.png,45.0,216840111366964012373310883942009181081546904_00-027-172.png,"['aortic elongation', 'COPD signs']",success,0.14958186447620392,0.05113093927502632,0.42144015431404114,0.04014354571700096,0.001727849361486733,0.2747628092765808,0.1805122345685959,0.017336880788207054,0.04161054268479347,0.27377238869667053,0.06471654772758484,0.4441285729408264,0.07788806408643723,0.012608851306140423,0.039101265370845795,0.2521718740463257,0.037865858525037766,0.05035284534096718,0.04161054268479347,0.06471654772758484,0.14958186447620392,0.017336880788207054,0.05113093927502632
2,126397712012687540784611673197697059691_fp0cu9.png,1.0,126397712012687540784611673197697059691_fp0cu9.png,['unchanged'],success,0.15237939357757568,0.4827479124069214,0.540706992149353,0.21305030584335327,0.014615626074373722,0.5007720589637756,0.5025970935821533,0.09774146229028702,0.021307015791535378,0.29182496666908264,0.2572815418243408,0.5030196905136108,0.5139694213867188,0.025849562138319016,0.08587672561407089,0.38273072242736816,0.7025464177131653,0.5735471844673157,0.021307015791535378,0.2572815418243408,0.15237939357757568,0.09774146229028702,0.4827479124069214
3,216840111366964013307756408102012093111819763_01-114-013.png,28.0,216840111366964013307756408102012093111819763_01-114-013.png,['costophrenic angle blunting'],success,0.07525306195020676,0.03262849152088165,0.2692675292491913,0.019707510247826576,0.00018408372125122696,0.01914331316947937,0.011496979743242264,0.008199363946914673,0.09185704588890076,0.06752058118581772,0.002711052540689707,0.2110826075077057,0.024233540520071983,0.0008264433708973229,0.01741037517786026,0.20630283653736115,0.05030984431505203,0.017730195075273514,0.09185704588890076,0.002711052540689707,0.07525306195020676,0.008199363946914673,0.03262849152088165
4,216840111366964012558082906712010004133151165_00-119-134.png,47.0,216840111366964012558082906712010004133151165_00-119-134.png,"['laminar atelectasis', 'supra aortic elongation', 'cardiomegaly', 'unchanged']",success,0.50251305103302,0.5048583745956421,0.528011679649353,0.5058865547180176,0.5026572942733765,0.5099678635597229,0.5018175840377808,0.5013177394866943,0.6027020812034607,0.5052642822265625,0.22971613705158234,0.5054121017456055,0.5067300796508789,0.031104836612939835,0.027534544467926025,0.48166441917419434,0.697516918182373,0.5067284107208252,0.6027020812034607,0.22971613705158234,0.50251305103302,0.5013177394866943,0.5048583745956421
5,216840111366964013340662495472012111130929144_01-108-133.png,32.0,216840111366964013340662495472012111130929144_01-108-133.png,['normal'],success,0.32523778080940247,0.35208165645599365,0.5211066603660583,0.3891661763191223,0.20162275433540344,0.5051485300064087,0.22222530841827393,0.2153109759092331,0.5737322568893433,0.22359725832939148,0.11255481839179993,0.50117027759552,0.5011686086654663,0.086883544921875,0.03282090649008751,0.4619629681110382,0.6185368895530701,0.44759902358055115,0.5737322568893433,0.11255481839179993,0.32523778080940247,0.2153109759092331,0.35208165645599365
6,216840111366964013217898866992011329134906098_01-027-105.png,27.0,216840111366964013217898866992011329134906098_01-027-105.png,"['nodule', 'interstitial pattern', ' pulmonary fibrosis']",success,0.5480966567993164,0.5199686884880066,0.5869615077972412,0.5023778676986694,0.16113542020320892,0.5095789432525635,0.521098256111145,0.2873394191265106,0.5043290853500366,0.5052288770675659,0.35977357625961304,0.6192339658737183,0.5356518030166626,0.04006548598408699,0.5013017654418945,0.5372048616409302,0.6035939455032349,0.5027060508728027,0.5043290853500366,0.35977357625961304,0.5480966567993164,0.2873394191265106,0.5199686884880066
7,216840111366964013293097335992012048173805692_01-094-011.png,22.0,216840111366964013293097335992012048173805692_01-094-011.png,['normal'],success,0.0067999702878296375,0.0834018662571907,0.2349129021167755,0.013354627415537834,4.228606849210337e-05,0.0515156090259552,0.03032866306602955,0.004678764380514622,0.014023404568433762,0.017208056524395943,0.0006765818689018488,0.11371707916259766,0.031146736815571785,0.00045696727465838194,0.0008828910649754107,0.05071393772959709,0.005571925081312656,0.002828809432685375,0.014023404568433762,0.0006765818689018488,0.0067999702878296375,0.004678764380514622,0.0834018662571907
8,216840111366964013451228379692012257110540618_02-006-005.png,20.0,216840111366964013451228379692012257110540618_02-006-005.png,['normal'],success,0.13071517646312714,0.5353906154632568,0.5750788450241089,0.12954871356487274,0.5017398595809937,0.39213117957115173,0.2332734316587448,0.14535371959209442,0.8189745545387268,0.06968775391578674,0.06154307723045349,0.5121773481369019,0.5078036785125732,0.003834125818684697,0.009340268559753895,0.08252109587192535,0.9280664920806885,0.45625337958335876,0.8189745545387268,0.06154307723045349,0.13071517646312714,0.14535371959209442,0.5353906154632568
9,46523715740384360192496023767246369337_veyewt.png,13.0,46523715740384360192496023767246369337_veyewt.png,['diaphragmatic eventration'],success,0.111969955265522,0.045936305075883865,0.5224640369415283,0.026983775198459625,0.0025475521106272936,0.055023495107889175,0.25858625769615173,0.01793752983212471,0.004534705076366663,0.09337566047906876,0.07071681320667267,0.250114768743515,0.10126587003469467,0.002640321385115385,0.004476368892937899,0.09539256989955902,0.046241145581007004,0.06174459680914879,0.004534705076366663,0.07071681320667267,0.111969955265522,0.01793752983212471,0.045936305075883865
10,216840111366964012373310883942009084123158919_00-069-064.png,43.0,216840111366964012373310883942009084123158919_00-069-064.png,"['infiltrates', ' pneumonia']",success,0.37939977645874023,0.5203895568847656,0.5353780388832092,0.5154300928115845,0.1368625909090042,0.518547773361206,0.551682710647583,0.38883617520332336,0.2659718990325928,0.5403847098350525,0.18854433298110962,0.5491220951080322,0.5520374178886414,0.09929133206605911,0.05720897763967514,0.5187932252883911,0.7339315414428711,0.46613237261772156,0.2659718990325928,0.18854433298110962,0.37939977645874023,0.38883617520332336,0.5203895568847656
11,255433269247415893224655601475580025849_j5s1kc.png,6.0,255433269247415893224655601475580025849_j5s1kc.png,['cardiomegaly'],success,0.03608053922653198,0.02931673265993595,0.3531669080257416,0.014417956583201885,0.0017146723112091422,0.061985183507204056,0.24338847398757935,0.024843944236636162,0.00047680491115897894,0.10542161017656326,0.5066884756088257,0.19184227287769318,0.030227629467844963,0.0004368848749436438,0.0010152949253097177,0.030907779932022095,0.03889061138033867,0.03951285779476166,0.00047680491115897894,0.5066884756088257,0.03608053922653198,0.024843944236636162,0.02931673265993595
12,216840111366964013217898866992011349123010433_01-006-043.png,32.0,216840111366964013217898866992011349123010433_01-006-043.png,"['NSG tube', 'unchanged']",success,0.6738085746765137,0.5417395830154419,0.5848672389984131,0.500652551651001,0.08016511052846909,0.1112082377076149,0.5154698491096497,0.5992590188980103,0.5163682699203491,0.5462933778762817,0.03246496617794037,0.5049591064453125,0.5363689661026001,0.2618389129638672,0.049298692494630814,0.5085232257843018,0.5687781572341919,0.45307275652885437,0.5163682699203491,0.03246496617794037,0.6738085746765137,0.5992590188980103,0.5417395830154419
13,216840111366964013200840352202011315131143616_01-032-099.png,30.0,216840111366964013200840352202011315131143616_01-032-099.png,"['air trapping', 'costophrenic angle blunting']",success,0.5069332718849182,0.16304083168506622,0.1234021931886673,0.2382483035326004,0.01724029704928398,0.5017534494400024,0.10778101533651352,0.25395137071609497,0.23452866077423096,0.5161547660827637,0.1408073753118515,0.38800787925720215,0.258558988571167,0.5056285858154297,0.24018774926662445,0.5014305114746094,0.2884206771850586,0.21541760861873627,0.23452866077423096,0.1408073753118515,0.5069332718849182,0.25395137071609497,0.16304083168506622
14,216840111366964013076187734852011291090122566_00-195-189.png,52.0,216840111366964013076187734852011291090122566_00-195-189.png,"['cardiomegaly', 'interstitial pattern', 'unchanged']",success,0.21349123120307922,0.5121499300003052,0.5672667622566223,0.5021864771842957,0.15761013329029083,0.30999884009361267,0.512529730796814,0.2764071524143219,0.11040852218866348,0.1515638679265976,0.5346549153327942,0.5117332935333252,0.5380896329879761,0.003322833450511098,0.011233351193368435,0.12983663380146027,0.7875538468360901,0.5749883651733398,0.11040852218866348,0.5346549153327942,0.21349123120307922,0.2764071524143219,0.5121499300003052
15,216840111366964012948363412702011013123142008_00-125-030.png,46.0,216840111366964012948363412702011013123142008_00-125-030.png,['normal'],success,0.23186767101287842,0.026819678023457527,0.12354358285665512,0.011437526904046535,0.0003085306962020695,0.004164498299360275,0.004558754153549671,0.020803553983569145,0.11141280084848404,0.09551043808460236,0.028682364150881767,0.15971289575099945,0.015073315240442753,0.002162991324439645,0.006658568978309631,0.21027608215808868,0.06183430552482605,0.014904976822435856,0.11141280084848404,0.028682364150881767,0.23186767101287842,0.020803553983569145,0.026819678023457527
16,216840111366964013829543166512013358092118761_02-089-145.png,18.0,216840111366964013829543166512013358092118761_02-089-145.png,"['dual chamber device', ' pacemaker']",success,0.42727068066596985,0.11123429238796234,0.5079628229141235,0.10436324775218964,0.0016344254836440086,0.0983341783285141,0.5017739534378052,0.03931097313761711,0.008912259712815285,0.18863143026828766,0.016722863540053368,0.5074320435523987,0.5125162601470947,0.003917758818715811,0.002878438448533416,0.23353047668933868,0.07269051671028137,0.03436245396733284,0.008912259712815285,0.016722863540053368,0.42727068066596985,0.03931097313761711,0.11123429238796234
17,329608354535639464795481936214199434429_kzcyhb.png,5.0,329608354535639464795481936214199434429_kzcyhb.png,['normal'],success,0.5302859544754028,0.2773313820362091,0.5221268534660339,0.2177789807319641,0.023565461859107018,0.5004274845123291,0.5287280082702637,0.2574795186519623,0.07629521191120148,0.5258140563964844,0.4156080186367035,0.5031421184539795,0.5051344037055969,0.06963910907506943,0.005079131107777357,0.40550869703292847,0.28180062770843506,0.21178291738033295,0.07629521191120148,0.4156080186367035,0.5302859544754028,0.2574795186519623,0.2773313820362091
18,317759408657031098460852906419716899073_2rq56f.png,3.0,317759408657031098460852906419716899073_2rq56f.png,"['kyphosis', 'vertebral degenerative changes', 'rib fracture']",success,0.386458158493042,0.5118144750595093,0.5300890207290649,0.5028704404830933,0.04846822842955589,0.5009082555770874,0.5120309591293335,0.5288413763046265,0.037263281643390656,0.5270702838897705,0.17278102040290833,0.5041168332099915,0.5062326192855835,0.03390591964125633,0.007402497809380293,0.5121632814407349,0.7360361814498901,0.45080316066741943,0.037263281643390656,0.17278102040290833,0.386458158493042,0.5288413763046265,0.5118144750595093
19,101103270798497222826083823719046670601_jw1fu2.png,1.0,101103270798497222826083823719046670601_jw1fu2.png,"['alveolar pattern', 'cardiomegaly', 'vascular hilar enlargement', 'pleural effusion', 'pneumonia', 'costophrenic angle blunting', 'vascular redistribution', 'heart insufficiency']",success,0.5715147256851196,0.5194674730300903,0.5589451789855957,0.5085604190826416,0.1919202357530594,0.36623841524124146,0.5100265145301819,0.7681854963302612,0.07928295433521271,0.5223109126091003,0.5193779468536377,0.4991273880004883,0.5877482891082764,0.27327701449394226,0.05611381679773331,0.4829316735267639,0.6531722545623779,0.5684829950332642,0.07928295433521271,0.5193779468536377,0.5715147256851196,0.7681854963302612,0.5194674730300903
20,216840111366964013451228379692012269104148390_01-054-004.png,32.0,216840111366964013451228379692012269104148390_01-054-004.png,['normal'],success,0.537256121635437,0.271208256483078,0.4108507037162781,0.03975556790828705,0.054127853363752365,0.2454935908317566,0.5106291174888611,0.22702091932296753,0.01645653136074543,0.2669079601764679,0.2779608964920044,0.3929188847541809,0.31072837114334106,0.01263212040066719,0.018796876072883606,0.29824355244636536,0.3966467082500458,0.10852834582328796,0.01645653136074543,0.2779608964920044,0.537256121635437,0.22702091932296753,0.271208256483078
21,216840111366964013395900950222012171101555757_01-139-142.png,22.0,216840111366964013395900950222012171101555757_01-139-142.png,['normal'],success,0.0511988066136837,0.24993956089019775,0.5087220668792725,0.1894417554140091,0.00033812818583101034,0.07184364646673203,0.016849491745233536,0.018875224515795708,0.5201603174209595,0.37596192955970764,0.0018759171944111586,0.2735101878643036,0.0332132950425148,0.0009198191110044718,0.024021858349442482,0.10231339931488037,0.10208343714475632,0.028009047731757164,0.5201603174209595,0.0018759171944111586,0.0511988066136837,0.018875224515795708,0.24993956089019775
22,216840111366964014008416513202014153161516671_01-196-149.png,28.0,216840111366964014008416513202014153161516671_01-196-149.png,['normal'],success,0.020929737016558647,0.5032600164413452,0.5085767507553101,0.3927881121635437,0.01942683570086956,0.3791603446006775,0.5042276382446289,0.12868817150592804,0.12139416486024857,0.41686543822288513,0.07525366544723511,0.2502678632736206,0.09674550592899323,0.00025548660778440535,0.002708030166104436,0.08444652706384659,0.7402090430259705,0.41464102268218994,0.12139416486024857,0.07525366544723511,0.020929737016558647,0.12868817150592804,0.5032600164413452
23,216840111366964013515091760022012318080539431_01-152-111.png,26.0,216840111366964013515091760022012318080539431_01-152-111.png,"['rib fracture', 'consolidation', ' pneumonia', 'costophrenic angle blunting']",success,0.0798603892326355,0.2869577407836914,0.5234032869338989,0.42032676935195923,0.04025616869330406,0.325143963098526,0.5006244778633118,0.05274643376469612,0.2367529422044754,0.13594289124011993,0.04958256706595421,0.5038752555847168,0.5534332990646362,0.012734453193843365,0.04489888995885849,0.34848880767822266,0.5489387512207031,0.5472838282585144,0.2367529422044754,0.04958256706595421,0.0798603892326355,0.05274643376469612,0.2869577407836914
