ImageID,Labels,true_Pneumonia,score_Pneumonia,true_Cardiomegaly,score_Cardiomegaly,true_Atelectasis,score_Atelectasis,true_Effusion,score_Effusion,true_Consolidation,score_Consolidation
216840111366964012819207061112010316094555679_04-017-068.png,['normal'],0,0.1018336936831474,0,0.0196919441223144,0,0.1169520318508148,0,0.0286497250199317,0,0.0832690447568893
216840111366964012373310883942009181081546904_00-027-172.png,"['aortic elongation', 'COPD signs']",0,0.0416105426847934,0,0.0647165477275848,0,0.1495818644762039,0,0.017336880788207,0,0.0511309392750263
126397712012687540784611673197697059691_fp0cu9.png,['unchanged'],0,0.0213070157915353,0,0.2572815418243408,0,0.1523793935775756,0,0.097741462290287,0,0.4827479124069214
216840111366964013307756408102012093111819763_01-114-013.png,['costophrenic angle blunting'],0,0.0918570458889007,0,0.0027110525406897,0,0.0752530619502067,0,0.0081993639469146,0,0.0326284915208816
216840111366964012558082906712010004133151165_00-119-134.png,"['laminar atelectasis', 'supra aortic elongation', 'cardiomegaly', 'unchanged']",0,0.6027020812034607,1,0.2297161370515823,1,0.50251305103302,0,0.5013177394866943,0,0.5048583745956421
216840111366964013340662495472012111130929144_01-108-133.png,['normal'],0,0.5737322568893433,0,0.1125548183917999,0,0.3252377808094024,0,0.2153109759092331,0,0.3520816564559936
216840111366964013217898866992011329134906098_01-027-105.png,"['nodule', 'interstitial pattern', ' pulmonary fibrosis']",0,0.5043290853500366,0,0.359773576259613,0,0.5480966567993164,0,0.2873394191265106,0,0.5199686884880066
216840111366964013293097335992012048173805692_01-094-011.png,['normal'],0,0.0140234045684337,0,0.0006765818689018,0,0.0067999702878296,0,0.0046787643805146,0,0.0834018662571907
216840111366964013451228379692012257110540618_02-006-005.png,['normal'],0,0.8189745545387268,0,0.0615430772304534,0,0.1307151764631271,0,0.1453537195920944,0,0.5353906154632568
46523715740384360192496023767246369337_veyewt.png,['diaphragmatic eventration'],0,0.0045347050763666,0,0.0707168132066726,0,0.111969955265522,0,0.0179375298321247,0,0.0459363050758838
216840111366964012373310883942009084123158919_00-069-064.png,"['infiltrates', ' pneumonia']",1,0.2659718990325928,0,0.1885443329811096,0,0.3793997764587402,0,0.3888361752033233,0,0.5203895568847656
255433269247415893224655601475580025849_j5s1kc.png,['cardiomegaly'],0,0.0004768049111589,1,0.5066884756088257,0,0.0360805392265319,0,0.0248439442366361,0,0.0293167326599359
216840111366964013217898866992011349123010433_01-006-043.png,"['NSG tube', 'unchanged']",0,0.5163682699203491,0,0.0324649661779403,0,0.6738085746765137,0,0.5992590188980103,0,0.5417395830154419
216840111366964013200840352202011315131143616_01-032-099.png,"['air trapping', 'costophrenic angle blunting']",0,0.2345286607742309,0,0.1408073753118515,0,0.5069332718849182,0,0.2539513707160949,0,0.1630408316850662
216840111366964013076187734852011291090122566_00-195-189.png,"['cardiomegaly', 'interstitial pattern', 'unchanged']",0,0.1104085221886634,1,0.5346549153327942,0,0.2134912312030792,0,0.2764071524143219,0,0.5121499300003052
216840111366964012948363412702011013123142008_00-125-030.png,['normal'],0,0.111412800848484,0,0.0286823641508817,0,0.2318676710128784,0,0.0208035539835691,0,0.0268196780234575
216840111366964013829543166512013358092118761_02-089-145.png,"['dual chamber device', ' pacemaker']",0,0.0089122597128152,0,0.0167228635400533,0,0.4272706806659698,0,0.0393109731376171,0,0.1112342923879623
329608354535639464795481936214199434429_kzcyhb.png,['normal'],0,0.0762952119112014,0,0.4156080186367035,0,0.5302859544754028,0,0.2574795186519623,0,0.2773313820362091
317759408657031098460852906419716899073_2rq56f.png,"['kyphosis', 'vertebral degenerative changes', 'rib fracture']",0,0.0372632816433906,0,0.1727810204029083,0,0.386458158493042,0,0.5288413763046265,0,0.5118144750595093
101103270798497222826083823719046670601_jw1fu2.png,"['alveolar pattern', 'cardiomegaly', 'vascular hilar enlargement', 'pleural effusion', 'pneumonia', 'costophrenic angle blunting', 'vascular redistribution', 'heart insufficiency']",1,0.0792829543352127,1,0.5193779468536377,0,0.5715147256851196,1,0.7681854963302612,0,0.5194674730300903
216840111366964013451228379692012269104148390_01-054-004.png,['normal'],0,0.0164565313607454,0,0.2779608964920044,0,0.537256121635437,0,0.2270209193229675,0,0.271208256483078
216840111366964013395900950222012171101555757_01-139-142.png,['normal'],0,0.5201603174209595,0,0.0018759171944111,0,0.0511988066136837,0,0.0188752245157957,0,0.2499395608901977
216840111366964014008416513202014153161516671_01-196-149.png,['normal'],0,0.1213941648602485,0,0.0752536654472351,0,0.0209297370165586,0,0.128688171505928,0,0.5032600164413452
216840111366964013515091760022012318080539431_01-152-111.png,"['rib fracture', 'consolidation', ' pneumonia', 'costophrenic angle blunting']",1,0.2367529422044754,0,0.0495825670659542,0,0.0798603892326355,0,0.0527464337646961,1,0.2869577407836914
