ImageID,image_path,fold,target_Pneumonia,prob_Pneumonia,target_Cardiomegaly,prob_Cardiomegaly
216840111366964012819207061112010316094555679_04-017-068.png,C:\Users\NIELIT\Videos\EXACT-CXR-XR\data\sample\216840111366964012819207061112010316094555679_04-017-068.png,0,0,0.04740321360518954,0,0.13039396655656477
216840111366964012373310883942009181081546904_00-027-172.png,C:\Users\NIELIT\Videos\EXACT-CXR-XR\data\sample\216840111366964012373310883942009181081546904_00-027-172.png,3,0,0.18122449412249625,0,0.0564264039351762
126397712012687540784611673197697059691_fp0cu9.png,C:\Users\NIELIT\Videos\EXACT-CXR-XR\data\sample\126397712012687540784611673197697059691_fp0cu9.png,0,0,0.14218032319385993,0,0.0005196374616736566
216840111366964013307756408102012093111819763_01-114-013.png,C:\Users\NIELIT\Videos\EXACT-CXR-XR\data\sample\216840111366964013307756408102012093111819763_01-114-013.png,1,0,0.11031673639070573,0,0.06043689805227917
216840111366964012558082906712010004133151165_00-119-134.png,C:\Users\NIELIT\Videos\EXACT-CXR-XR\data\sample\216840111366964012558082906712010004133151165_00-119-134.png,1,0,0.8625964752939597,1,0.494799096489201
216840111366964013340662495472012111130929144_01-108-133.png,C:\Users\NIELIT\Videos\EXACT-CXR-XR\data\sample\216840111366964013340662495472012111130929144_01-108-133.png,2,0,0.35364142148298633,0,0.1367935942764271
216840111366964013217898866992011329134906098_01-027-105.png,C:\Users\NIELIT\Videos\EXACT-CXR-XR\data\sample\216840111366964013217898866992011329134906098_01-027-105.png,3,0,0.026924101317964664,0,0.35174885293963976
216840111366964013293097335992012048173805692_01-094-011.png,C:\Users\NIELIT\Videos\EXACT-CXR-XR\data\sample\216840111366964013293097335992012048173805692_01-094-011.png,0,0,0.0074273479595944976,0,0.3140213560895001
216840111366964013451228379692012257110540618_02-006-005.png,C:\Users\NIELIT\Videos\EXACT-CXR-XR\data\sample\216840111366964013451228379692012257110540618_02-006-005.png,1,0,0.5795652198535035,0,0.8219162837587771
46523715740384360192496023767246369337_veyewt.png,C:\Users\NIELIT\Videos\EXACT-CXR-XR\data\sample\46523715740384360192496023767246369337_veyewt.png,2,0,0.6379035242682076,0,0.7036890958680049
216840111366964012373310883942009084123158919_00-069-064.png,C:\Users\NIELIT\Videos\EXACT-CXR-XR\data\sample\216840111366964012373310883942009084123158919_00-069-064.png,2,1,0.18881707136581635,0,0.04806692874607108
255433269247415893224655601475580025849_j5s1kc.png,C:\Users\NIELIT\Videos\EXACT-CXR-XR\data\sample\255433269247415893224655601475580025849_j5s1kc.png,3,0,0.20965608518950418,1,0.11407198638959294
216840111366964013217898866992011349123010433_01-006-043.png,C:\Users\NIELIT\Videos\EXACT-CXR-XR\data\sample\216840111366964013217898866992011349123010433_01-006-043.png,3,0,0.5704587343928162,0,0.943643398242421
216840111366964013200840352202011315131143616_01-032-099.png,C:\Users\NIELIT\Videos\EXACT-CXR-XR\data\sample\216840111366964013200840352202011315131143616_01-032-099.png,0,0,0.3562094113698706,0,0.007961769342211236
216840111366964013076187734852011291090122566_00-195-189.png,C:\Users\NIELIT\Videos\EXACT-CXR-XR\data\sample\216840111366964013076187734852011291090122566_00-195-189.png,2,0,0.9896918074164162,1,0.9614395826686386
216840111366964012948363412702011013123142008_00-125-030.png,C:\Users\NIELIT\Videos\EXACT-CXR-XR\data\sample\216840111366964012948363412702011013123142008_00-125-030.png,1,0,0.2150799199752299,0,0.15417131895466588
216840111366964013829543166512013358092118761_02-089-145.png,C:\Users\NIELIT\Videos\EXACT-CXR-XR\data\sample\216840111366964013829543166512013358092118761_02-089-145.png,2,0,0.9229624168273552,0,0.48402258818611116
329608354535639464795481936214199434429_kzcyhb.png,C:\Users\NIELIT\Videos\EXACT-CXR-XR\data\sample\329608354535639464795481936214199434429_kzcyhb.png,3,0,0.5360090450984336,0,0.39880831975919856
317759408657031098460852906419716899073_2rq56f.png,C:\Users\NIELIT\Videos\EXACT-CXR-XR\data\sample\317759408657031098460852906419716899073_2rq56f.png,0,0,0.9392888761316095,0,0.7012250667521592
101103270798497222826083823719046670601_jw1fu2.png,C:\Users\NIELIT\Videos\EXACT-CXR-XR\data\sample\101103270798497222826083823719046670601_jw1fu2.png,0,1,0.000968993981695157,1,0.01491026951052861
216840111366964013451228379692012269104148390_01-054-004.png,C:\Users\NIELIT\Videos\EXACT-CXR-XR\data\sample\216840111366964013451228379692012269104148390_01-054-004.png,1,0,0.20090622313422507,0,0.7264411326650145
216840111366964013395900950222012171101555757_01-139-142.png,C:\Users\NIELIT\Videos\EXACT-CXR-XR\data\sample\216840111366964013395900950222012171101555757_01-139-142.png,2,0,0.10409772884690283,0,0.015316895519211457
216840111366964014008416513202014153161516671_01-196-149.png,C:\Users\NIELIT\Videos\EXACT-CXR-XR\data\sample\216840111366964014008416513202014153161516671_01-196-149.png,3,0,0.9420697011409602,0,0.2484576718526113
216840111366964013515091760022012318080539431_01-152-111.png,C:\Users\NIELIT\Videos\EXACT-CXR-XR\data\sample\216840111366964013515091760022012318080539431_01-152-111.png,1,1,0.963932695736195,0,0.7809364617535026
