ImageID,ImageDir,Labels,image_path,split,target_Pneumonia,target_Cardiomegaly,target_Atelectasis,target_Effusion,target_Consolidation
216840111366964013451228379692012257110540618_02-006-005.png,20.0,['normal'],C:\Users\NIELIT\Videos\EXACT-CXR-XR\data\sample\216840111366964013451228379692012257110540618_02-006-005.png,train,0,0,0,0,0
216840111366964013829543166512013358092118761_02-089-145.png,18.0,"['dual chamber device', ' pacemaker']",C:\Users\NIELIT\Videos\EXACT-CXR-XR\data\sample\216840111366964013829543166512013358092118761_02-089-145.png,train,0,0,0,0,0
216840111366964012819207061112010316094555679_04-017-068.png,53.0,['normal'],C:\Users\NIELIT\Videos\EXACT-CXR-XR\data\sample\216840111366964012819207061112010316094555679_04-017-068.png,train,0,0,0,0,0
317759408657031098460852906419716899073_2rq56f.png,3.0,"['kyphosis', 'vertebral degenerative changes', 'rib fracture']",C:\Users\NIELIT\Videos\EXACT-CXR-XR\data\sample\317759408657031098460852906419716899073_2rq56f.png,train,0,0,0,0,0
255433269247415893224655601475580025849_j5s1kc.png,6.0,['cardiomegaly'],C:\Users\NIELIT\Videos\EXACT-CXR-XR\data\sample\255433269247415893224655601475580025849_j5s1kc.png,test,0,1,0,0,0
46523715740384360192496023767246369337_veyewt.png,13.0,['diaphragmatic eventration'],C:\Users\NIELIT\Videos\EXACT-CXR-XR\data\sample\46523715740384360192496023767246369337_veyewt.png,train,0,0,0,0,0
216840111366964013200840352202011315131143616_01-032-099.png,30.0,"['air trapping', 'costophrenic angle blunting']",C:\Users\NIELIT\Videos\EXACT-CXR-XR\data\sample\216840111366964013200840352202011315131143616_01-032-099.png,train,0,0,0,0,0
216840111366964012373310883942009181081546904_00-027-172.png,45.0,"['aortic elongation', 'COPD signs']",C:\Users\NIELIT\Videos\EXACT-CXR-XR\data\sample\216840111366964012373310883942009181081546904_00-027-172.png,train,0,0,0,0,0
216840111366964013395900950222012171101555757_01-139-142.png,22.0,['normal'],C:\Users\NIELIT\Videos\EXACT-CXR-XR\data\sample\216840111366964013395900950222012171101555757_01-139-142.png,train,0,0,0,0,0
216840111366964013340662495472012111130929144_01-108-133.png,32.0,['normal'],C:\Users\NIELIT\Videos\EXACT-CXR-XR\data\sample\216840111366964013340662495472012111130929144_01-108-133.png,train,0,0,0,0,0
126397712012687540784611673197697059691_fp0cu9.png,1.0,['unchanged'],C:\Users\NIELIT\Videos\EXACT-CXR-XR\data\sample\126397712012687540784611673197697059691_fp0cu9.png,train,0,0,0,0,0
216840111366964013217898866992011349123010433_01-006-043.png,32.0,"['NSG tube', 'unchanged']",C:\Users\NIELIT\Videos\EXACT-CXR-XR\data\sample\216840111366964013217898866992011349123010433_01-006-043.png,train,0,0,0,0,0
216840111366964012948363412702011013123142008_00-125-030.png,46.0,['normal'],C:\Users\NIELIT\Videos\EXACT-CXR-XR\data\sample\216840111366964012948363412702011013123142008_00-125-030.png,train,0,0,0,0,0
216840111366964013307756408102012093111819763_01-114-013.png,28.0,['costophrenic angle blunting'],C:\Users\NIELIT\Videos\EXACT-CXR-XR\data\sample\216840111366964013307756408102012093111819763_01-114-013.png,train,0,0,0,0,0
216840111366964012558082906712010004133151165_00-119-134.png,47.0,"['laminar atelectasis', 'supra aortic elongation', 'cardiomegaly', 'unchanged']",C:\Users\NIELIT\Videos\EXACT-CXR-XR\data\sample\216840111366964012558082906712010004133151165_00-119-134.png,train,0,1,1,0,0
216840111366964014008416513202014153161516671_01-196-149.png,28.0,['normal'],C:\Users\NIELIT\Videos\EXACT-CXR-XR\data\sample\216840111366964014008416513202014153161516671_01-196-149.png,validation,0,0,0,0,0
329608354535639464795481936214199434429_kzcyhb.png,5.0,['normal'],C:\Users\NIELIT\Videos\EXACT-CXR-XR\data\sample\329608354535639464795481936214199434429_kzcyhb.png,validation,0,0,0,0,0
216840111366964013451228379692012269104148390_01-054-004.png,32.0,['normal'],C:\Users\NIELIT\Videos\EXACT-CXR-XR\data\sample\216840111366964013451228379692012269104148390_01-054-004.png,validation,0,0,0,0,0
216840111366964013515091760022012318080539431_01-152-111.png,26.0,"['rib fracture', 'consolidation', ' pneumonia', 'costophrenic angle blunting']",C:\Users\NIELIT\Videos\EXACT-CXR-XR\data\sample\216840111366964013515091760022012318080539431_01-152-111.png,train,1,0,0,0,1
216840111366964013293097335992012048173805692_01-094-011.png,22.0,['normal'],C:\Users\NIELIT\Videos\EXACT-CXR-XR\data\sample\216840111366964013293097335992012048173805692_01-094-011.png,test,0,0,0,0,0
216840111366964012373310883942009084123158919_00-069-064.png,43.0,"['infiltrates', ' pneumonia']",C:\Users\NIELIT\Videos\EXACT-CXR-XR\data\sample\216840111366964012373310883942009084123158919_00-069-064.png,test,1,0,0,0,0
216840111366964013076187734852011291090122566_00-195-189.png,52.0,"['cardiomegaly', 'interstitial pattern', 'unchanged']",C:\Users\NIELIT\Videos\EXACT-CXR-XR\data\sample\216840111366964013076187734852011291090122566_00-195-189.png,validation,0,1,0,0,0
101103270798497222826083823719046670601_jw1fu2.png,1.0,"['alveolar pattern', 'cardiomegaly', 'vascular hilar enlargement', 'pleural effusion', 'pneumonia', 'costophrenic angle blunting', 'vascular redistribution', 'heart insufficiency']",C:\Users\NIELIT\Videos\EXACT-CXR-XR\data\sample\101103270798497222826083823719046670601_jw1fu2.png,train,1,1,0,1,0
216840111366964013217898866992011329134906098_01-027-105.png,27.0,"['nodule', 'interstitial pattern', ' pulmonary fibrosis']",C:\Users\NIELIT\Videos\EXACT-CXR-XR\data\sample\216840111366964013217898866992011329134906098_01-027-105.png,test,0,0,0,0,0
