target,model,C,class_weight,threshold,auroc,auprc,sensitivity,specificity,precision,f1,balanced_accuracy,tp,tn,fp,fn
Pneumonia,pretrained_xrv,,,0.3,0.6190476190476191,0.19761904761904764,0.0,0.7142857142857143,0.0,,0.35714285714285715,0,15,6,3
Pneumonia,pretrained_xrv,,,0.35,0.6190476190476191,0.19761904761904764,0.0,0.7142857142857143,0.0,,0.35714285714285715,0,15,6,3
Pneumonia,pretrained_xrv,,,0.4,0.6190476190476191,0.19761904761904764,0.0,0.7142857142857143,0.0,,0.35714285714285715,0,15,6,3
Pneumonia,pretrained_xrv,,,0.45,0.6190476190476191,0.19761904761904764,0.0,0.7142857142857143,0.0,,0.35714285714285715,0,15,6,3
Pneumonia,pretrained_xrv,,,0.5,0.6190476190476191,0.19761904761904764,0.0,0.7142857142857143,0.0,,0.35714285714285715,0,15,6,3
Pneumonia,pretrained_xrv,,,0.55,0.6190476190476191,0.19761904761904764,0.0,0.8571428571428571,0.0,,0.42857142857142855,0,18,3,3
Pneumonia,pretrained_xrv,,,0.6,0.6190476190476191,0.19761904761904764,0.0,0.9047619047619048,0.0,,0.4523809523809524,0,19,2,3
Pneumonia,pretrained_xrv,,,0.65,0.6190476190476191,0.19761904761904764,0.0,0.9523809523809523,0.0,,0.47619047619047616,0,20,1,3
Pneumonia,pretrained_xrv,,,0.7,0.6190476190476191,0.19761904761904764,0.0,0.9523809523809523,0.0,,0.47619047619047616,0,20,1,3
Pneumonia,xrv_features,0.001,None,0.3,0.6825396825396826,0.2240740740740741,1.0,0.0,0.125,0.2222222222222222,0.5,3,0,21,0
Pneumonia,xrv_features,0.001,None,0.35,0.6825396825396826,0.2240740740740741,1.0,0.0,0.125,0.2222222222222222,0.5,3,0,21,0
Pneumonia,xrv_features,0.001,None,0.4,0.6825396825396826,0.2240740740740741,1.0,0.047619047619047616,0.13043478260869565,0.23076923076923078,0.5238095238095238,3,1,20,0
Pneumonia,xrv_features,0.001,None,0.45,0.6825396825396826,0.2240740740740741,1.0,0.38095238095238093,0.1875,0.3157894736842105,0.6904761904761905,3,8,13,0
Pneumonia,xrv_features,0.001,None,0.5,0.6825396825396826,0.2240740740740741,1.0,0.5238095238095238,0.23076923076923078,0.375,0.7619047619047619,3,11,10,0
Pneumonia,xrv_features,0.001,None,0.55,0.6825396825396826,0.2240740740740741,0.3333333333333333,0.8095238095238095,0.2,0.25,0.5714285714285714,1,17,4,2
Pneumonia,xrv_features,0.001,None,0.6,0.6825396825396826,0.2240740740740741,0.0,0.9523809523809523,0.0,,0.47619047619047616,0,20,1,3
Pneumonia,xrv_features,0.001,None,0.65,0.6825396825396826,0.2240740740740741,0.0,1.0,,,0.5,0,21,0,3
Pneumonia,xrv_features,0.001,None,0.7,0.6825396825396826,0.2240740740740741,0.0,1.0,,,0.5,0,21,0,3
Pneumonia,xrv_features,0.001,balanced,0.3,0.7301587301587302,0.2574074074074074,1.0,0.0,0.125,0.2222222222222222,0.5,3,0,21,0
Pneumonia,xrv_features,0.001,balanced,0.35,0.7301587301587302,0.2574074074074074,1.0,0.14285714285714285,0.14285714285714285,0.25,0.5714285714285714,3,3,18,0
Pneumonia,xrv_features,0.001,balanced,0.4,0.7301587301587302,0.2574074074074074,1.0,0.2857142857142857,0.16666666666666666,0.2857142857142857,0.6428571428571428,3,6,15,0
Pneumonia,xrv_features,0.001,balanced,0.45,0.7301587301587302,0.2574074074074074,1.0,0.42857142857142855,0.2,0.33333333333333337,0.7142857142857143,3,9,12,0
Pneumonia,xrv_features,0.001,balanced,0.5,0.7301587301587302,0.2574074074074074,1.0,0.5238095238095238,0.23076923076923078,0.375,0.7619047619047619,3,11,10,0
Pneumonia,xrv_features,0.001,balanced,0.55,0.7301587301587302,0.2574074074074074,0.6666666666666666,0.6666666666666666,0.2222222222222222,0.3333333333333333,0.6666666666666666,2,14,7,1
Pneumonia,xrv_features,0.001,balanced,0.6,0.7301587301587302,0.2574074074074074,0.3333333333333333,0.8095238095238095,0.2,0.25,0.5714285714285714,1,17,4,2
Pneumonia,xrv_features,0.001,balanced,0.65,0.7301587301587302,0.2574074074074074,0.0,0.9523809523809523,0.0,,0.47619047619047616,0,20,1,3
Pneumonia,xrv_features,0.001,balanced,0.7,0.7301587301587302,0.2574074074074074,0.0,1.0,,,0.5,0,21,0,3
Pneumonia,xrv_features,0.01,None,0.3,0.5238095238095237,0.18724696356275305,1.0,0.14285714285714285,0.14285714285714285,0.25,0.5714285714285714,3,3,18,0
Pneumonia,xrv_features,0.01,None,0.35,0.5238095238095237,0.18724696356275305,0.6666666666666666,0.2857142857142857,0.11764705882352941,0.2,0.47619047619047616,2,6,15,1
Pneumonia,xrv_features,0.01,None,0.4,0.5238095238095237,0.18724696356275305,0.6666666666666666,0.38095238095238093,0.13333333333333333,0.2222222222222222,0.5238095238095237,2,8,13,1
Pneumonia,xrv_features,0.01,None,0.45,0.5238095238095237,0.18724696356275305,0.3333333333333333,0.5238095238095238,0.09090909090909091,0.14285714285714288,0.4285714285714286,1,11,10,2
Pneumonia,xrv_features,0.01,None,0.5,0.5238095238095237,0.18724696356275305,0.3333333333333333,0.5714285714285714,0.1,0.15384615384615383,0.45238095238095233,1,12,9,2
Pneumonia,xrv_features,0.01,None,0.55,0.5238095238095237,0.18724696356275305,0.3333333333333333,0.7619047619047619,0.16666666666666666,0.2222222222222222,0.5476190476190476,1,16,5,2
Pneumonia,xrv_features,0.01,None,0.6,0.5238095238095237,0.18724696356275305,0.3333333333333333,0.7619047619047619,0.16666666666666666,0.2222222222222222,0.5476190476190476,1,16,5,2
Pneumonia,xrv_features,0.01,None,0.65,0.5238095238095237,0.18724696356275305,0.3333333333333333,0.7619047619047619,0.16666666666666666,0.2222222222222222,0.5476190476190476,1,16,5,2
Pneumonia,xrv_features,0.01,None,0.7,0.5238095238095237,0.18724696356275305,0.3333333333333333,0.8571428571428571,0.25,0.28571428571428575,0.5952380952380952,1,18,3,2
Pneumonia,xrv_features,0.01,balanced,0.3,0.5714285714285714,0.18461538461538463,1.0,0.23809523809523808,0.15789473684210525,0.2727272727272727,0.6190476190476191,3,5,16,0
Pneumonia,xrv_features,0.01,balanced,0.35,0.5714285714285714,0.18461538461538463,1.0,0.2857142857142857,0.16666666666666666,0.2857142857142857,0.6428571428571428,3,6,15,0
Pneumonia,xrv_features,0.01,balanced,0.4,0.5714285714285714,0.18461538461538463,1.0,0.38095238095238093,0.1875,0.3157894736842105,0.6904761904761905,3,8,13,0
Pneumonia,xrv_features,0.01,balanced,0.45,0.5714285714285714,0.18461538461538463,0.6666666666666666,0.47619047619047616,0.15384615384615385,0.25,0.5714285714285714,2,10,11,1
Pneumonia,xrv_features,0.01,balanced,0.5,0.5714285714285714,0.18461538461538463,0.3333333333333333,0.5238095238095238,0.09090909090909091,0.14285714285714288,0.4285714285714286,1,11,10,2
Pneumonia,xrv_features,0.01,balanced,0.55,0.5714285714285714,0.18461538461538463,0.3333333333333333,0.6666666666666666,0.125,0.18181818181818182,0.5,1,14,7,2
Pneumonia,xrv_features,0.01,balanced,0.6,0.5714285714285714,0.18461538461538463,0.3333333333333333,0.7619047619047619,0.16666666666666666,0.2222222222222222,0.5476190476190476,1,16,5,2
Pneumonia,xrv_features,0.01,balanced,0.65,0.5714285714285714,0.18461538461538463,0.3333333333333333,0.8095238095238095,0.2,0.25,0.5714285714285714,1,17,4,2
Pneumonia,xrv_features,0.01,balanced,0.7,0.5714285714285714,0.18461538461538463,0.3333333333333333,0.8095238095238095,0.2,0.25,0.5714285714285714,1,17,4,2
Pneumonia,xrv_features,0.1,None,0.3,0.4285714285714286,0.25,0.3333333333333333,0.47619047619047616,0.08333333333333333,0.13333333333333333,0.40476190476190477,1,10,11,2
Pneumonia,xrv_features,0.1,None,0.35,0.4285714285714286,0.25,0.3333333333333333,0.47619047619047616,0.08333333333333333,0.13333333333333333,0.40476190476190477,1,10,11,2
Pneumonia,xrv_features,0.1,None,0.4,0.4285714285714286,0.25,0.3333333333333333,0.5714285714285714,0.1,0.15384615384615383,0.45238095238095233,1,12,9,2
Pneumonia,xrv_features,0.1,None,0.45,0.4285714285714286,0.25,0.3333333333333333,0.5714285714285714,0.1,0.15384615384615383,0.45238095238095233,1,12,9,2
Pneumonia,xrv_features,0.1,None,0.5,0.4285714285714286,0.25,0.3333333333333333,0.5714285714285714,0.1,0.15384615384615383,0.45238095238095233,1,12,9,2
Pneumonia,xrv_features,0.1,None,0.55,0.4285714285714286,0.25,0.3333333333333333,0.6190476190476191,0.1111111111111111,0.16666666666666666,0.47619047619047616,1,13,8,2
Pneumonia,xrv_features,0.1,None,0.6,0.4285714285714286,0.25,0.3333333333333333,0.7142857142857143,0.14285714285714285,0.2,0.5238095238095238,1,15,6,2
Pneumonia,xrv_features,0.1,None,0.65,0.4285714285714286,0.25,0.3333333333333333,0.7619047619047619,0.16666666666666666,0.2222222222222222,0.5476190476190476,1,16,5,2
Pneumonia,xrv_features,0.1,None,0.7,0.4285714285714286,0.25,0.3333333333333333,0.7619047619047619,0.16666666666666666,0.2222222222222222,0.5476190476190476,1,16,5,2
Pneumonia,xrv_features,0.1,balanced,0.3,0.42857142857142855,0.19722222222222222,0.3333333333333333,0.47619047619047616,0.08333333333333333,0.13333333333333333,0.40476190476190477,1,10,11,2
Pneumonia,xrv_features,0.1,balanced,0.35,0.42857142857142855,0.19722222222222222,0.3333333333333333,0.47619047619047616,0.08333333333333333,0.13333333333333333,0.40476190476190477,1,10,11,2
Pneumonia,xrv_features,0.1,balanced,0.4,0.42857142857142855,0.19722222222222222,0.3333333333333333,0.5714285714285714,0.1,0.15384615384615383,0.45238095238095233,1,12,9,2
Pneumonia,xrv_features,0.1,balanced,0.45,0.42857142857142855,0.19722222222222222,0.3333333333333333,0.5714285714285714,0.1,0.15384615384615383,0.45238095238095233,1,12,9,2
Pneumonia,xrv_features,0.1,balanced,0.5,0.42857142857142855,0.19722222222222222,0.3333333333333333,0.5714285714285714,0.1,0.15384615384615383,0.45238095238095233,1,12,9,2
Pneumonia,xrv_features,0.1,balanced,0.55,0.42857142857142855,0.19722222222222222,0.3333333333333333,0.6190476190476191,0.1111111111111111,0.16666666666666666,0.47619047619047616,1,13,8,2
Pneumonia,xrv_features,0.1,balanced,0.6,0.42857142857142855,0.19722222222222222,0.3333333333333333,0.7142857142857143,0.14285714285714285,0.2,0.5238095238095238,1,15,6,2
Pneumonia,xrv_features,0.1,balanced,0.65,0.42857142857142855,0.19722222222222222,0.3333333333333333,0.7619047619047619,0.16666666666666666,0.2222222222222222,0.5476190476190476,1,16,5,2
Pneumonia,xrv_features,0.1,balanced,0.7,0.42857142857142855,0.19722222222222222,0.3333333333333333,0.7619047619047619,0.16666666666666666,0.2222222222222222,0.5476190476190476,1,16,5,2
Pneumonia,xrv_features,1.0,None,0.3,0.4126984126984127,0.24754901960784315,0.3333333333333333,0.5714285714285714,0.1,0.15384615384615383,0.45238095238095233,1,12,9,2
Pneumonia,xrv_features,1.0,None,0.35,0.4126984126984127,0.24754901960784315,0.3333333333333333,0.5714285714285714,0.1,0.15384615384615383,0.45238095238095233,1,12,9,2
Pneumonia,xrv_features,1.0,None,0.4,0.4126984126984127,0.24754901960784315,0.3333333333333333,0.5714285714285714,0.1,0.15384615384615383,0.45238095238095233,1,12,9,2
Pneumonia,xrv_features,1.0,None,0.45,0.4126984126984127,0.24754901960784315,0.3333333333333333,0.5714285714285714,0.1,0.15384615384615383,0.45238095238095233,1,12,9,2
Pneumonia,xrv_features,1.0,None,0.5,0.4126984126984127,0.24754901960784315,0.3333333333333333,0.5714285714285714,0.1,0.15384615384615383,0.45238095238095233,1,12,9,2
Pneumonia,xrv_features,1.0,None,0.55,0.4126984126984127,0.24754901960784315,0.3333333333333333,0.6190476190476191,0.1111111111111111,0.16666666666666666,0.47619047619047616,1,13,8,2
Pneumonia,xrv_features,1.0,None,0.6,0.4126984126984127,0.24754901960784315,0.3333333333333333,0.6190476190476191,0.1111111111111111,0.16666666666666666,0.47619047619047616,1,13,8,2
Pneumonia,xrv_features,1.0,None,0.65,0.4126984126984127,0.24754901960784315,0.3333333333333333,0.6666666666666666,0.125,0.18181818181818182,0.5,1,14,7,2
Pneumonia,xrv_features,1.0,None,0.7,0.4126984126984127,0.24754901960784315,0.3333333333333333,0.7142857142857143,0.14285714285714285,0.2,0.5238095238095238,1,15,6,2
Pneumonia,xrv_features,1.0,balanced,0.3,0.4126984126984127,0.24754901960784315,0.3333333333333333,0.5714285714285714,0.1,0.15384615384615383,0.45238095238095233,1,12,9,2
Pneumonia,xrv_features,1.0,balanced,0.35,0.4126984126984127,0.24754901960784315,0.3333333333333333,0.5714285714285714,0.1,0.15384615384615383,0.45238095238095233,1,12,9,2
Pneumonia,xrv_features,1.0,balanced,0.4,0.4126984126984127,0.24754901960784315,0.3333333333333333,0.5714285714285714,0.1,0.15384615384615383,0.45238095238095233,1,12,9,2
Pneumonia,xrv_features,1.0,balanced,0.45,0.4126984126984127,0.24754901960784315,0.3333333333333333,0.5714285714285714,0.1,0.15384615384615383,0.45238095238095233,1,12,9,2
Pneumonia,xrv_features,1.0,balanced,0.5,0.4126984126984127,0.24754901960784315,0.3333333333333333,0.5714285714285714,0.1,0.15384615384615383,0.45238095238095233,1,12,9,2
Pneumonia,xrv_features,1.0,balanced,0.55,0.4126984126984127,0.24754901960784315,0.3333333333333333,0.6190476190476191,0.1111111111111111,0.16666666666666666,0.47619047619047616,1,13,8,2
Pneumonia,xrv_features,1.0,balanced,0.6,0.4126984126984127,0.24754901960784315,0.3333333333333333,0.6190476190476191,0.1111111111111111,0.16666666666666666,0.47619047619047616,1,13,8,2
Pneumonia,xrv_features,1.0,balanced,0.65,0.4126984126984127,0.24754901960784315,0.3333333333333333,0.7142857142857143,0.14285714285714285,0.2,0.5238095238095238,1,15,6,2
Pneumonia,xrv_features,1.0,balanced,0.7,0.4126984126984127,0.24754901960784315,0.3333333333333333,0.7142857142857143,0.14285714285714285,0.2,0.5238095238095238,1,15,6,2
Pneumonia,xrv_features,10.0,None,0.3,0.4126984126984127,0.24754901960784315,0.3333333333333333,0.5714285714285714,0.1,0.15384615384615383,0.45238095238095233,1,12,9,2
Pneumonia,xrv_features,10.0,None,0.35,0.4126984126984127,0.24754901960784315,0.3333333333333333,0.5714285714285714,0.1,0.15384615384615383,0.45238095238095233,1,12,9,2
Pneumonia,xrv_features,10.0,None,0.4,0.4126984126984127,0.24754901960784315,0.3333333333333333,0.5714285714285714,0.1,0.15384615384615383,0.45238095238095233,1,12,9,2
Pneumonia,xrv_features,10.0,None,0.45,0.4126984126984127,0.24754901960784315,0.3333333333333333,0.5714285714285714,0.1,0.15384615384615383,0.45238095238095233,1,12,9,2
Pneumonia,xrv_features,10.0,None,0.5,0.4126984126984127,0.24754901960784315,0.3333333333333333,0.5714285714285714,0.1,0.15384615384615383,0.45238095238095233,1,12,9,2
Pneumonia,xrv_features,10.0,None,0.55,0.4126984126984127,0.24754901960784315,0.3333333333333333,0.6190476190476191,0.1111111111111111,0.16666666666666666,0.47619047619047616,1,13,8,2
Pneumonia,xrv_features,10.0,None,0.6,0.4126984126984127,0.24754901960784315,0.3333333333333333,0.6190476190476191,0.1111111111111111,0.16666666666666666,0.47619047619047616,1,13,8,2
Pneumonia,xrv_features,10.0,None,0.65,0.4126984126984127,0.24754901960784315,0.3333333333333333,0.6190476190476191,0.1111111111111111,0.16666666666666666,0.47619047619047616,1,13,8,2
Pneumonia,xrv_features,10.0,None,0.7,0.4126984126984127,0.24754901960784315,0.3333333333333333,0.6666666666666666,0.125,0.18181818181818182,0.5,1,14,7,2
Pneumonia,xrv_features,10.0,balanced,0.3,0.4126984126984127,0.24754901960784315,0.3333333333333333,0.5714285714285714,0.1,0.15384615384615383,0.45238095238095233,1,12,9,2
Pneumonia,xrv_features,10.0,balanced,0.35,0.4126984126984127,0.24754901960784315,0.3333333333333333,0.5714285714285714,0.1,0.15384615384615383,0.45238095238095233,1,12,9,2
Pneumonia,xrv_features,10.0,balanced,0.4,0.4126984126984127,0.24754901960784315,0.3333333333333333,0.5714285714285714,0.1,0.15384615384615383,0.45238095238095233,1,12,9,2
Pneumonia,xrv_features,10.0,balanced,0.45,0.4126984126984127,0.24754901960784315,0.3333333333333333,0.5714285714285714,0.1,0.15384615384615383,0.45238095238095233,1,12,9,2
Pneumonia,xrv_features,10.0,balanced,0.5,0.4126984126984127,0.24754901960784315,0.3333333333333333,0.5714285714285714,0.1,0.15384615384615383,0.45238095238095233,1,12,9,2
Pneumonia,xrv_features,10.0,balanced,0.55,0.4126984126984127,0.24754901960784315,0.3333333333333333,0.6190476190476191,0.1111111111111111,0.16666666666666666,0.47619047619047616,1,13,8,2
Pneumonia,xrv_features,10.0,balanced,0.6,0.4126984126984127,0.24754901960784315,0.3333333333333333,0.6190476190476191,0.1111111111111111,0.16666666666666666,0.47619047619047616,1,13,8,2
Pneumonia,xrv_features,10.0,balanced,0.65,0.4126984126984127,0.24754901960784315,0.3333333333333333,0.6190476190476191,0.1111111111111111,0.16666666666666666,0.47619047619047616,1,13,8,2
Pneumonia,xrv_features,10.0,balanced,0.7,0.4126984126984127,0.24754901960784315,0.3333333333333333,0.6666666666666666,0.125,0.18181818181818182,0.5,1,14,7,2
Cardiomegaly,pretrained_xrv,,,0.3,0.9500000000000001,0.875,0.75,0.9,0.6,0.6666666666666665,0.825,3,18,2,1
Cardiomegaly,pretrained_xrv,,,0.35,0.9500000000000001,0.875,0.75,0.9,0.6,0.6666666666666665,0.825,3,18,2,1
Cardiomegaly,pretrained_xrv,,,0.4,0.9500000000000001,0.875,0.75,0.95,0.75,0.75,0.85,3,19,1,1
Cardiomegaly,pretrained_xrv,,,0.45,0.9500000000000001,0.875,0.75,1.0,1.0,0.8571428571428571,0.875,3,20,0,1
Cardiomegaly,pretrained_xrv,,,0.5,0.9500000000000001,0.875,0.75,1.0,1.0,0.8571428571428571,0.875,3,20,0,1
Cardiomegaly,pretrained_xrv,,,0.55,0.9500000000000001,0.875,0.0,1.0,,,0.5,0,20,0,4
Cardiomegaly,pretrained_xrv,,,0.6,0.9500000000000001,0.875,0.0,1.0,,,0.5,0,20,0,4
Cardiomegaly,pretrained_xrv,,,0.65,0.9500000000000001,0.875,0.0,1.0,,,0.5,0,20,0,4
Cardiomegaly,pretrained_xrv,,,0.7,0.9500000000000001,0.875,0.0,1.0,,,0.5,0,20,0,4
Cardiomegaly,xrv_features,0.001,None,0.3,0.575,0.4057784320942216,1.0,0.0,0.16666666666666666,0.2857142857142857,0.5,4,0,20,0
Cardiomegaly,xrv_features,0.001,None,0.35,0.575,0.4057784320942216,1.0,0.0,0.16666666666666666,0.2857142857142857,0.5,4,0,20,0
Cardiomegaly,xrv_features,0.001,None,0.4,0.575,0.4057784320942216,1.0,0.1,0.18181818181818182,0.3076923076923077,0.55,4,2,18,0
Cardiomegaly,xrv_features,0.001,None,0.45,0.575,0.4057784320942216,0.75,0.3,0.17647058823529413,0.2857142857142857,0.525,3,6,14,1
Cardiomegaly,xrv_features,0.001,None,0.5,0.575,0.4057784320942216,0.25,0.55,0.1,0.14285714285714288,0.4,1,11,9,3
Cardiomegaly,xrv_features,0.001,None,0.55,0.575,0.4057784320942216,0.25,0.95,0.5,0.3333333333333333,0.6,1,19,1,3
Cardiomegaly,xrv_features,0.001,None,0.6,0.575,0.4057784320942216,0.0,1.0,,,0.5,0,20,0,4
Cardiomegaly,xrv_features,0.001,None,0.65,0.575,0.4057784320942216,0.0,1.0,,,0.5,0,20,0,4
Cardiomegaly,xrv_features,0.001,None,0.7,0.575,0.4057784320942216,0.0,1.0,,,0.5,0,20,0,4
Cardiomegaly,xrv_features,0.001,balanced,0.3,0.6,0.4201923076923077,1.0,0.0,0.16666666666666666,0.2857142857142857,0.5,4,0,20,0
Cardiomegaly,xrv_features,0.001,balanced,0.35,0.6,0.4201923076923077,1.0,0.1,0.18181818181818182,0.3076923076923077,0.55,4,2,18,0
Cardiomegaly,xrv_features,0.001,balanced,0.4,0.6,0.4201923076923077,0.75,0.2,0.15789473684210525,0.2608695652173913,0.475,3,4,16,1
Cardiomegaly,xrv_features,0.001,balanced,0.45,0.6,0.4201923076923077,0.75,0.45,0.21428571428571427,0.3333333333333333,0.6,3,9,11,1
Cardiomegaly,xrv_features,0.001,balanced,0.5,0.6,0.4201923076923077,0.5,0.5,0.16666666666666666,0.25,0.5,2,10,10,2
Cardiomegaly,xrv_features,0.001,balanced,0.55,0.6,0.4201923076923077,0.25,0.8,0.2,0.22222222222222224,0.525,1,16,4,3
Cardiomegaly,xrv_features,0.001,balanced,0.6,0.6,0.4201923076923077,0.0,1.0,,,0.5,0,20,0,4
Cardiomegaly,xrv_features,0.001,balanced,0.65,0.6,0.4201923076923077,0.0,1.0,,,0.5,0,20,0,4
Cardiomegaly,xrv_features,0.001,balanced,0.7,0.6,0.4201923076923077,0.0,1.0,,,0.5,0,20,0,4
Cardiomegaly,xrv_features,0.01,None,0.3,0.525,0.27174922600619195,0.75,0.25,0.16666666666666666,0.27272727272727276,0.5,3,5,15,1
Cardiomegaly,xrv_features,0.01,None,0.35,0.525,0.27174922600619195,0.5,0.4,0.14285714285714285,0.22222222222222224,0.45,2,8,12,2
Cardiomegaly,xrv_features,0.01,None,0.4,0.525,0.27174922600619195,0.5,0.45,0.15384615384615385,0.23529411764705882,0.475,2,9,11,2
Cardiomegaly,xrv_features,0.01,None,0.45,0.525,0.27174922600619195,0.5,0.55,0.18181818181818182,0.26666666666666666,0.525,2,11,9,2
Cardiomegaly,xrv_features,0.01,None,0.5,0.525,0.27174922600619195,0.25,0.65,0.125,0.16666666666666666,0.45,1,13,7,3
Cardiomegaly,xrv_features,0.01,None,0.55,0.525,0.27174922600619195,0.25,0.75,0.16666666666666666,0.2,0.5,1,15,5,3
Cardiomegaly,xrv_features,0.01,None,0.6,0.525,0.27174922600619195,0.25,0.85,0.25,0.25,0.55,1,17,3,3
Cardiomegaly,xrv_features,0.01,None,0.65,0.525,0.27174922600619195,0.25,0.95,0.5,0.3333333333333333,0.6,1,19,1,3
Cardiomegaly,xrv_features,0.01,None,0.7,0.525,0.27174922600619195,0.25,0.95,0.5,0.3333333333333333,0.6,1,19,1,3
Cardiomegaly,xrv_features,0.01,balanced,0.3,0.5625,0.2807784320942216,0.75,0.3,0.17647058823529413,0.2857142857142857,0.525,3,6,14,1
Cardiomegaly,xrv_features,0.01,balanced,0.35,0.5625,0.2807784320942216,0.75,0.4,0.2,0.31578947368421056,0.575,3,8,12,1
Cardiomegaly,xrv_features,0.01,balanced,0.4,0.5625,0.2807784320942216,0.75,0.5,0.23076923076923078,0.3529411764705882,0.625,3,10,10,1
Cardiomegaly,xrv_features,0.01,balanced,0.45,0.5625,0.2807784320942216,0.5,0.5,0.16666666666666666,0.25,0.5,2,10,10,2
Cardiomegaly,xrv_features,0.01,balanced,0.5,0.5625,0.2807784320942216,0.25,0.55,0.1,0.14285714285714288,0.4,1,11,9,3
Cardiomegaly,xrv_features,0.01,balanced,0.55,0.5625,0.2807784320942216,0.25,0.75,0.16666666666666666,0.2,0.5,1,15,5,3
Cardiomegaly,xrv_features,0.01,balanced,0.6,0.5625,0.2807784320942216,0.25,0.85,0.25,0.25,0.55,1,17,3,3
Cardiomegaly,xrv_features,0.01,balanced,0.65,0.5625,0.2807784320942216,0.25,0.85,0.25,0.25,0.55,1,17,3,3
Cardiomegaly,xrv_features,0.01,balanced,0.7,0.5625,0.2807784320942216,0.0,0.95,0.0,,0.475,0,19,1,4
Cardiomegaly,xrv_features,0.1,None,0.3,0.5249999999999999,0.402072192513369,0.5,0.5,0.16666666666666666,0.25,0.5,2,10,10,2
Cardiomegaly,xrv_features,0.1,None,0.35,0.5249999999999999,0.402072192513369,0.5,0.55,0.18181818181818182,0.26666666666666666,0.525,2,11,9,2
Cardiomegaly,xrv_features,0.1,None,0.4,0.5249999999999999,0.402072192513369,0.5,0.65,0.2222222222222222,0.30769230769230765,0.575,2,13,7,2
Cardiomegaly,xrv_features,0.1,None,0.45,0.5249999999999999,0.402072192513369,0.5,0.65,0.2222222222222222,0.30769230769230765,0.575,2,13,7,2
Cardiomegaly,xrv_features,0.1,None,0.5,0.5249999999999999,0.402072192513369,0.25,0.7,0.14285714285714285,0.18181818181818182,0.475,1,14,6,3
Cardiomegaly,xrv_features,0.1,None,0.55,0.5249999999999999,0.402072192513369,0.25,0.7,0.14285714285714285,0.18181818181818182,0.475,1,14,6,3
Cardiomegaly,xrv_features,0.1,None,0.6,0.5249999999999999,0.402072192513369,0.25,0.7,0.14285714285714285,0.18181818181818182,0.475,1,14,6,3
Cardiomegaly,xrv_features,0.1,None,0.65,0.5249999999999999,0.402072192513369,0.25,0.7,0.14285714285714285,0.18181818181818182,0.475,1,14,6,3
Cardiomegaly,xrv_features,0.1,None,0.7,0.5249999999999999,0.402072192513369,0.25,0.7,0.14285714285714285,0.18181818181818182,0.475,1,14,6,3
Cardiomegaly,xrv_features,0.1,balanced,0.3,0.525,0.27923669467787116,0.5,0.5,0.16666666666666666,0.25,0.5,2,10,10,2
Cardiomegaly,xrv_features,0.1,balanced,0.35,0.525,0.27923669467787116,0.5,0.55,0.18181818181818182,0.26666666666666666,0.525,2,11,9,2
Cardiomegaly,xrv_features,0.1,balanced,0.4,0.525,0.27923669467787116,0.5,0.6,0.2,0.28571428571428575,0.55,2,12,8,2
Cardiomegaly,xrv_features,0.1,balanced,0.45,0.525,0.27923669467787116,0.5,0.7,0.25,0.3333333333333333,0.6,2,14,6,2
Cardiomegaly,xrv_features,0.1,balanced,0.5,0.525,0.27923669467787116,0.25,0.7,0.14285714285714285,0.18181818181818182,0.475,1,14,6,3
Cardiomegaly,xrv_features,0.1,balanced,0.55,0.525,0.27923669467787116,0.25,0.7,0.14285714285714285,0.18181818181818182,0.475,1,14,6,3
Cardiomegaly,xrv_features,0.1,balanced,0.6,0.525,0.27923669467787116,0.25,0.7,0.14285714285714285,0.18181818181818182,0.475,1,14,6,3
Cardiomegaly,xrv_features,0.1,balanced,0.65,0.525,0.27923669467787116,0.25,0.7,0.14285714285714285,0.18181818181818182,0.475,1,14,6,3
Cardiomegaly,xrv_features,0.1,balanced,0.7,0.525,0.27923669467787116,0.25,0.8,0.2,0.22222222222222224,0.525,1,16,4,3
Cardiomegaly,xrv_features,1.0,None,0.3,0.5375,0.40597826086956523,0.5,0.55,0.18181818181818182,0.26666666666666666,0.525,2,11,9,2
Cardiomegaly,xrv_features,1.0,None,0.35,0.5375,0.40597826086956523,0.5,0.65,0.2222222222222222,0.30769230769230765,0.575,2,13,7,2
Cardiomegaly,xrv_features,1.0,None,0.4,0.5375,0.40597826086956523,0.5,0.65,0.2222222222222222,0.30769230769230765,0.575,2,13,7,2
Cardiomegaly,xrv_features,1.0,None,0.45,0.5375,0.40597826086956523,0.5,0.65,0.2222222222222222,0.30769230769230765,0.575,2,13,7,2
Cardiomegaly,xrv_features,1.0,None,0.5,0.5375,0.40597826086956523,0.5,0.7,0.25,0.3333333333333333,0.6,2,14,6,2
Cardiomegaly,xrv_features,1.0,None,0.55,0.5375,0.40597826086956523,0.25,0.7,0.14285714285714285,0.18181818181818182,0.475,1,14,6,3
Cardiomegaly,xrv_features,1.0,None,0.6,0.5375,0.40597826086956523,0.25,0.7,0.14285714285714285,0.18181818181818182,0.475,1,14,6,3
Cardiomegaly,xrv_features,1.0,None,0.65,0.5375,0.40597826086956523,0.25,0.7,0.14285714285714285,0.18181818181818182,0.475,1,14,6,3
Cardiomegaly,xrv_features,1.0,None,0.7,0.5375,0.40597826086956523,0.25,0.7,0.14285714285714285,0.18181818181818182,0.475,1,14,6,3
Cardiomegaly,xrv_features,1.0,balanced,0.3,0.55,0.40795454545454546,0.5,0.55,0.18181818181818182,0.26666666666666666,0.525,2,11,9,2
Cardiomegaly,xrv_features,1.0,balanced,0.35,0.55,0.40795454545454546,0.5,0.65,0.2222222222222222,0.30769230769230765,0.575,2,13,7,2
Cardiomegaly,xrv_features,1.0,balanced,0.4,0.55,0.40795454545454546,0.5,0.65,0.2222222222222222,0.30769230769230765,0.575,2,13,7,2
Cardiomegaly,xrv_features,1.0,balanced,0.45,0.55,0.40795454545454546,0.5,0.65,0.2222222222222222,0.30769230769230765,0.575,2,13,7,2
Cardiomegaly,xrv_features,1.0,balanced,0.5,0.55,0.40795454545454546,0.25,0.7,0.14285714285714285,0.18181818181818182,0.475,1,14,6,3
Cardiomegaly,xrv_features,1.0,balanced,0.55,0.55,0.40795454545454546,0.25,0.7,0.14285714285714285,0.18181818181818182,0.475,1,14,6,3
Cardiomegaly,xrv_features,1.0,balanced,0.6,0.55,0.40795454545454546,0.25,0.7,0.14285714285714285,0.18181818181818182,0.475,1,14,6,3
Cardiomegaly,xrv_features,1.0,balanced,0.65,0.55,0.40795454545454546,0.25,0.7,0.14285714285714285,0.18181818181818182,0.475,1,14,6,3
Cardiomegaly,xrv_features,1.0,balanced,0.7,0.55,0.40795454545454546,0.25,0.7,0.14285714285714285,0.18181818181818182,0.475,1,14,6,3
Cardiomegaly,xrv_features,10.0,None,0.3,0.5375,0.40597826086956523,0.5,0.65,0.2222222222222222,0.30769230769230765,0.575,2,13,7,2
Cardiomegaly,xrv_features,10.0,None,0.35,0.5375,0.40597826086956523,0.5,0.65,0.2222222222222222,0.30769230769230765,0.575,2,13,7,2
Cardiomegaly,xrv_features,10.0,None,0.4,0.5375,0.40597826086956523,0.5,0.65,0.2222222222222222,0.30769230769230765,0.575,2,13,7,2
Cardiomegaly,xrv_features,10.0,None,0.45,0.5375,0.40597826086956523,0.5,0.65,0.2222222222222222,0.30769230769230765,0.575,2,13,7,2
Cardiomegaly,xrv_features,10.0,None,0.5,0.5375,0.40597826086956523,0.5,0.7,0.25,0.3333333333333333,0.6,2,14,6,2
Cardiomegaly,xrv_features,10.0,None,0.55,0.5375,0.40597826086956523,0.25,0.7,0.14285714285714285,0.18181818181818182,0.475,1,14,6,3
Cardiomegaly,xrv_features,10.0,None,0.6,0.5375,0.40597826086956523,0.25,0.7,0.14285714285714285,0.18181818181818182,0.475,1,14,6,3
Cardiomegaly,xrv_features,10.0,None,0.65,0.5375,0.40597826086956523,0.25,0.7,0.14285714285714285,0.18181818181818182,0.475,1,14,6,3
Cardiomegaly,xrv_features,10.0,None,0.7,0.5375,0.40597826086956523,0.25,0.7,0.14285714285714285,0.18181818181818182,0.475,1,14,6,3
Cardiomegaly,xrv_features,10.0,balanced,0.3,0.5375,0.40597826086956523,0.5,0.65,0.2222222222222222,0.30769230769230765,0.575,2,13,7,2
Cardiomegaly,xrv_features,10.0,balanced,0.35,0.5375,0.40597826086956523,0.5,0.65,0.2222222222222222,0.30769230769230765,0.575,2,13,7,2
Cardiomegaly,xrv_features,10.0,balanced,0.4,0.5375,0.40597826086956523,0.5,0.65,0.2222222222222222,0.30769230769230765,0.575,2,13,7,2
Cardiomegaly,xrv_features,10.0,balanced,0.45,0.5375,0.40597826086956523,0.5,0.65,0.2222222222222222,0.30769230769230765,0.575,2,13,7,2
Cardiomegaly,xrv_features,10.0,balanced,0.5,0.5375,0.40597826086956523,0.5,0.7,0.25,0.3333333333333333,0.6,2,14,6,2
Cardiomegaly,xrv_features,10.0,balanced,0.55,0.5375,0.40597826086956523,0.25,0.7,0.14285714285714285,0.18181818181818182,0.475,1,14,6,3
Cardiomegaly,xrv_features,10.0,balanced,0.6,0.5375,0.40597826086956523,0.25,0.7,0.14285714285714285,0.18181818181818182,0.475,1,14,6,3
Cardiomegaly,xrv_features,10.0,balanced,0.65,0.5375,0.40597826086956523,0.25,0.7,0.14285714285714285,0.18181818181818182,0.475,1,14,6,3
Cardiomegaly,xrv_features,10.0,balanced,0.7,0.5375,0.40597826086956523,0.25,0.7,0.14285714285714285,0.18181818181818182,0.475,1,14,6,3
