ImageID,filename,BitsStored,source_max,png_min,png_max,png_mean,png_p01,png_p1,png_p50,png_p99,png_p999,expected_16bit_scale,estimated_source_max,estimated_source_p50,estimated_source_p99,png_normalized_max,png_normalized_p50,png_normalized_p99
216840111366964012819207061112010316094555679_04-017-068.png,216840111366964012819207061112010316094555679_04-017-068.png,12,4095,0.0,65519.0,35283.98704985153,0.0,0.0,34751.0,65519.0,65519.0,16.003663003663004,4094.0002288853284,2171.4403753719384,4094.0002288853284,0.9997558556496529,0.5302662699320974,0.9997558556496529
216840111366964012373310883942009181081546904_00-027-172.png,216840111366964012373310883942009181081546904_00-027-172.png,12,4095,0.0,65519.0,31433.62977025081,0.0,0.0,31264.0,64319.0,65519.0,16.003663003663004,4094.0002288853284,1953.5527580682078,4019.0173952849623,0.9997558556496529,0.47705806057831696,0.9814450293736171
126397712012687540784611673197697059691_fp0cu9.png,126397712012687540784611673197697059691_fp0cu9.png,12,4095,0.0,65519.0,23132.041462263292,0.0,0.0,24672.0,60207.0,62575.0,16.003663003663004,4094.0002288853284,1541.6470588235295,3762.076218814374,0.9997558556496529,0.3764705882352941,0.9186999313344014
216840111366964013307756408102012093111819763_01-114-013.png,216840111366964013307756408102012093111819763_01-114-013.png,12,4095,0.0,65519.0,34378.87862903226,0.0,0.0,33327.0,65519.0,65519.0,16.003663003663004,4094.0002288853284,2082.460746166171,4094.0002288853284,0.9997558556496529,0.5085374227512016,0.9997558556496529
216840111366964012558082906712010004133151165_00-119-134.png,216840111366964012558082906712010004133151165_00-119-134.png,12,4095,16.0,65519.0,27021.871936223553,16.0,16.0,26726.0,61934.0,65519.0,16.003663003663004,4094.0002288853284,1669.9926756694897,3869.989013504234,0.9997558556496529,0.40781261921110856,0.9450522621499962
216840111366964013340662495472012111130929144_01-108-133.png,216840111366964013340662495472012111130929144_01-108-133.png,12,4095,17.0,65518.0,24286.88027672956,17.0,17.0,25512.0,63137.0,65518.0,16.003663003663004,4093.9377431906614,1594.1350423437857,3945.1593041886017,0.9997405966277562,0.3892881666285191,0.963408865491722
216840111366964013217898866992011329134906098_01-027-105.png,216840111366964013217898866992011329134906098_01-027-105.png,12,4095,0.0,65519.0,36599.041403702446,0.0,0.0,36911.0,65519.0,65519.0,16.003663003663004,4094.0002288853284,2306.409475852598,4094.0002288853284,0.9997558556496529,0.5632257572289616,0.9997558556496529
216840111366964013293097335992012048173805692_01-094-011.png,216840111366964013293097335992012048173805692_01-094-011.png,10,1023,7694.0,63346.0,47357.349674158344,8026.0,17312.0,50478.0,63346.0,63346.0,64.06158357771261,988.8297550926985,787.9605401693751,988.8297550926985,0.9665980010681315,0.770244907301442,0.9665980010681315
216840111366964013451228379692012257110540618_02-006-005.png,216840111366964013451228379692012257110540618_02-006-005.png,12,4095,19.0,65516.0,35041.482080063375,19.0,19.0,37568.0,62645.0,64603.0,16.003663003663004,4093.8127718013275,2347.4625772487984,3914.4163424124513,0.9997100785839628,0.5732509346150911,0.9559014267185474
46523715740384360192496023767246369337_veyewt.png,46523715740384360192496023767246369337_veyewt.png,12,4095,0.0,65519.0,33897.54041344076,0.0,0.0,36719.0,57951.0,60495.0,16.003663003663004,4094.0002288853284,2294.4122224765392,3621.1084916456857,0.9997558556496529,0.5602960250247959,0.8842755779354543
216840111366964012373310883942009084123158919_00-069-064.png,216840111366964012373310883942009084123158919_00-069-064.png,12,4095,18.0,65517.0,32475.14827447587,18.0,18.0,34839.0,65517.0,65517.0,16.003663003663004,4093.8752574959944,2176.9391165026323,4093.8752574959944,0.9997253376058595,0.5316090638590066,0.9997253376058595
255433269247415893224655601475580025849_j5s1kc.png,255433269247415893224655601475580025849_j5s1kc.png,12,4095,0.0,65519.0,38996.80110834973,8896.0,12032.0,40879.0,56543.0,58287.0,16.003663003663004,4094.0002288853284,2554.3527122911423,3533.128633554589,0.9997558556496529,0.623773556115053,0.8627908751049058
216840111366964013217898866992011349123010433_01-006-043.png,216840111366964013217898866992011349123010433_01-006-043.png,12,4095,0.0,65519.0,24857.49063402719,0.0,0.0,28736.0,55599.0,61103.0,16.003663003663004,4094.0002288853284,1795.588921950103,3474.142137788968,0.9997558556496529,0.43848325322346837,0.8483863584344243
216840111366964013200840352202011315131143616_01-032-099.png,216840111366964013200840352202011315131143616_01-032-099.png,12,4095,0.0,65519.0,35032.00366613225,0.0,0.0,33711.0,65519.0,65519.0,16.003663003663004,4094.0002288853284,2106.455252918288,4094.0002288853284,0.9997558556496529,0.514396887159533,0.9997558556496529
216840111366964013076187734852011291090122566_00-195-189.png,216840111366964013076187734852011291090122566_00-195-189.png,10,1023,6216.0,63485.0,32728.307810508708,6216.0,6216.0,34388.0,59782.0,62691.0,64.06158357771261,990.9995422293431,536.7959716182193,933.1957885099565,0.9687190051117723,0.5247272449835966,0.9122148470283055
216840111366964012948363412702011013123142008_00-125-030.png,216840111366964012948363412702011013123142008_00-125-030.png,12,4095,0.0,65519.0,33367.576315789476,0.0,0.0,32352.0,65519.0,65519.0,16.003663003663004,4094.0002288853284,2021.5371938658732,4094.0002288853284,0.9997558556496529,0.49365987640192266,0.9997558556496529
216840111366964013829543166512013358092118761_02-089-145.png,216840111366964013829543166512013358092118761_02-089-145.png,12,4095,0.0,63005.0,37254.39885552846,0.0,0.0,40206.0,56798.0,58845.0,16.003663003663004,3936.9111924925614,2512.2998397802703,3549.062485694667,0.9613946746013581,0.6135042343785764,0.8666819256885634
329608354535639464795481936214199434429_kzcyhb.png,329608354535639464795481936214199434429_kzcyhb.png,12,4095,0.0,57439.0,34001.69998293545,0.0,0.0,37487.0,52703.0,54127.0,16.003663003663004,3589.115815976196,2342.4012359807734,3293.1835660334173,0.8764629587243458,0.5720149538414587,0.8041962310215915
317759408657031098460852906419716899073_2rq56f.png,317759408657031098460852906419716899073_2rq56f.png,12,4095,0.0,65527.0,30903.894139226362,0.0,0.0,33063.0,57855.0,59903.0,16.003663003663004,4094.500114442664,2065.9645227740903,3615.109864957656,0.9998779278248264,0.5045090409704738,0.8828107118333715
101103270798497222826083823719046670601_jw1fu2.png,101103270798497222826083823719046670601_jw1fu2.png,12,4095,0.0,65519.0,32602.386715979235,0.0,0.0,33519.0,58175.0,61263.0,16.003663003663004,4094.0002288853284,2094.457999542229,3635.1052872510872,0.9997558556496529,0.5114671549553673,0.8876935988403143
216840111366964013451228379692012269104148390_01-054-004.png,216840111366964013451228379692012269104148390_01-054-004.png,10,1023,7429.0,63346.0,40392.21026550552,7429.0,7429.0,44110.0,62351.0,63147.0,64.06158357771261,988.8297550926985,688.5561913481346,973.2978255893797,0.9665980010681315,0.6730754558632792,0.9514152742809185
216840111366964013395900950222012171101555757_01-139-142.png,216840111366964013395900950222012171101555757_01-139-142.png,12,4095,0.0,65519.0,34094.78556004841,0.0,0.0,32975.0,65519.0,65519.0,16.003663003663004,4094.0002288853284,2060.4657816433964,4094.0002288853284,0.9997558556496529,0.5031662470435645,0.9997558556496529
216840111366964014008416513202014153161516671_01-196-149.png,216840111366964014008416513202014153161516671_01-196-149.png,12,4095,0.0,65519.0,24308.879605458795,0.0,0.0,27328.0,58975.0,60831.0,16.003663003663004,4094.0002288853284,1707.6090638590067,3685.0938429846647,0.9997558556496529,0.41699855039291983,0.8999008163576715
216840111366964013515091760022012318080539431_01-152-111.png,216840111366964013515091760022012318080539431_01-152-111.png,12,4095,0.0,65519.0,24820.52852774079,0.0,0.0,23536.0,56463.0,59023.0,16.003663003663004,4094.0002288853284,1470.6633096818493,3528.129777981231,0.9997558556496529,0.359136339360647,0.8615701533531701
