label,canonical_label,positives,selected_model,status,reason,xrv_auroc,xrv_auprc,xrv_sensitivity,xrv_specificity,xrv_precision,xrv_f1,xrv_balanced_accuracy,feature_auroc,feature_auprc,feature_sensitivity,feature_specificity,feature_precision,feature_f1,feature_balanced_accuracy,selected_auroc,selected_auprc,selected_sensitivity,selected_specificity,selected_precision,selected_f1,selected_balanced_accuracy,selected_C,selected_class_weight,selected_threshold
air trapping,air trapping,1.0,insufficient_data,DO_NOT_USE,only 1 positive example(s),,,,,,,,,,,,,,,,,,,,,,,,
alveolar pattern,alveolar pattern,1.0,insufficient_data,DO_NOT_USE,only 1 positive example(s),,,,,,,,,,,,,,,,,,,,,,,,
aortic elongation,aortic elongation,1.0,insufficient_data,DO_NOT_USE,only 1 positive example(s),,,,,,,,,,,,,,,,,,,,,,,,
Atelectasis,atelectasis,,insufficient_data,DO_NOT_USE,positive_count_unknown,,,,0.7083333333333334,0.0,,,,,,,,,,,,,,,,,,,
Cardiomegaly,cardiomegaly,4.0,pretrained_xrv,EXPERIMENTAL_BEST,pretrained XRV retained because Step 7 AUROC was 0.95 versus Step 9B feature-model AUROC 0.60,0.95,0.875,0.75,1.0,1.0,0.8571428571428571,0.875,0.6000000000000001,0.4364801864801865,0.25,1.0,1.0,0.4,0.625,0.95,0.875,0.75,1.0,1.0,0.8571428571428571,0.875,,,
Consolidation,consolidation,1.0,insufficient_data,DO_NOT_USE,only 1 positive example(s),0.5217391304347826,0.0833333333333333,0.0,0.6086956521739131,0.0,,0.3043478260869565,,,,,,,,,,,,,,,,,
copd signs,copd signs,1.0,insufficient_data,DO_NOT_USE,only 1 positive example(s),,,,,,,,,,,,,,,,,,,,,,,,
costophrenic angle blunting,costophrenic angle blunting,4.0,xrv_features_lr,EXPERIMENTAL_ONLY,feature model is the only evaluated candidate for this exact CSV label; only 4 positive examples,,,,,,,,0.75,0.4543650793650793,0.5,0.95,0.6666666666666666,0.5714285714285715,0.725,0.75,0.4543650793650793,0.5,0.95,0.6666666666666666,0.5714285714285715,0.725,10.0,balanced,0.3
diaphragmatic eventration,diaphragmatic eventration,1.0,insufficient_data,DO_NOT_USE,only 1 positive example(s),,,,,,,,,,,,,,,,,,,,,,,,
dual chamber device,dual chamber device,1.0,insufficient_data,DO_NOT_USE,only 1 positive example(s),,,,,,,,,,,,,,,,,,,,,,,,
Effusion,effusion,,insufficient_data,DO_NOT_USE,positive_count_unknown,,,,0.8333333333333334,0.0,,,,,,,,,,,,,,,,,,,
heart insufficiency,heart insufficiency,1.0,insufficient_data,DO_NOT_USE,only 1 positive example(s),,,,,,,,,,,,,,,,,,,,,,,,
infiltrates,infiltrates,1.0,insufficient_data,DO_NOT_USE,only 1 positive example(s),,,,,,,,,,,,,,,,,,,,,,,,
interstitial pattern,interstitial pattern,2.0,xrv_features_lr,EXPERIMENTAL_ONLY,no matching pretrained-XRV target evaluation exists; only 2 positive examples and current operating point has 0 sensitivity,,,,,,,,0.6363636363636364,0.1602564102564102,0.0,1.0,0.0,0.0,0.5,0.6363636363636364,0.1602564102564102,0.0,1.0,0.0,0.0,0.5,10.0,,0.3
kyphosis,kyphosis,1.0,insufficient_data,DO_NOT_USE,only 1 positive example(s),,,,,,,,,,,,,,,,,,,,,,,,
laminar atelectasis,laminar atelectasis,1.0,insufficient_data,DO_NOT_USE,only 1 positive example(s),,,,,,,,,,,,,,,,,,,,,,,,
nodule,nodule,1.0,insufficient_data,DO_NOT_USE,only 1 positive example(s),,,,,,,,,,,,,,,,,,,,,,,,
normal,normal,9.0,insufficient_data,DO_NOT_USE,no comparable model result,,,,,,,,,,,,,,,,,,,,,,,,
nsg tube,nsg tube,1.0,insufficient_data,DO_NOT_USE,only 1 positive example(s),,,,,,,,,,,,,,,,,,,,,,,,
pacemaker,pacemaker,1.0,insufficient_data,DO_NOT_USE,only 1 positive example(s),,,,,,,,,,,,,,,,,,,,,,,,
pleural effusion,pleural effusion,1.0,insufficient_data,DO_NOT_USE,only 1 positive example(s),,,,,,,,,,,,,,,,,,,,,,,,
Pneumonia,pneumonia,3.0,xrv_features_lr,EXPERIMENTAL_BEST,Step 9B feature model improved AUROC and AUPRC over pretrained XRV; only 3 positive examples,0.6190476190476191,0.1976190476190476,0.0,0.7142857142857143,0.0,,0.3571428571428571,0.8571428571428572,0.6,1.0,0.6666666666666666,0.3,0.4615384615384615,0.8333333333333333,0.8571428571428572,0.6,1.0,0.6666666666666666,0.3,0.4615384615384615,0.8333333333333333,0.001,balanced,0.4
pulmonary fibrosis,pulmonary fibrosis,1.0,insufficient_data,DO_NOT_USE,only 1 positive example(s),,,,,,,,,,,,,,,,,,,,,,,,
rib fracture,rib fracture,2.0,xrv_features_lr,EXPERIMENTAL_ONLY,no matching pretrained-XRV target evaluation exists; current feature model AUROC is 0.295 and sensitivity is 0,,,,,,,,0.2954545454545454,0.0868055555555555,0.0,1.0,0.0,0.0,0.5,0.2954545454545454,0.0868055555555555,0.0,1.0,0.0,0.0,0.5,0.001,,0.3
supra aortic elongation,supra aortic elongation,1.0,insufficient_data,DO_NOT_USE,only 1 positive example(s),,,,,,,,,,,,,,,,,,,,,,,,
unchanged,unchanged,4.0,insufficient_data,DO_NOT_USE,no comparable model result,,,,,,,,,,,,,,,,,,,,,,,,
vascular hilar enlargement,vascular hilar enlargement,1.0,insufficient_data,DO_NOT_USE,only 1 positive example(s),,,,,,,,,,,,,,,,,,,,,,,,
vascular redistribution,vascular redistribution,1.0,insufficient_data,DO_NOT_USE,only 1 positive example(s),,,,,,,,,,,,,,,,,,,,,,,,
vertebral degenerative changes,vertebral degenerative changes,1.0,insufficient_data,DO_NOT_USE,only 1 positive example(s),,,,,,,,,,,,,,,,,,,,,,,,
