csv_index,ImageID,filename,status,numpy_dtype,shape,ndim,actual_min,actual_max,mean,std,p0_1,p1,p5,p25,p50,p75,p95,p99,p99_9,BitsStored_DICOM,expected_max_from_bits,recommended_maxval,values_exceed_expected,PixelRepresentation_DICOM,pixel_type_description,PhotometricInterpretation_DICOM,Rows_DICOM,Columns_DICOM,WindowCenter_DICOM,WindowWidth_DICOM
0,216840111366964012819207061112010316094555679_04-017-068.png,216840111366964012819207061112010316094555679_04-017-068.png,success,uint16,"(1956, 1876)",2,0.0,65519.0,35283.98704985153,16157.323500482664,0.0,0.0,12336.0,22144.0,34751.0,46927.0,64527.0,65519.0,65519.0,12,4095,4095,True,0,unsigned,MONOCHROME2,1956,1876,2049.0,2513.0
1,216840111366964012373310883942009181081546904_00-027-172.png,216840111366964012373310883942009181081546904_00-027-172.png,success,uint16,"(1740, 1692)",2,0.0,65519.0,31433.62977025081,15050.189691663008,0.0,0.0,10192.0,18544.0,31264.0,41679.0,57951.0,64319.0,65519.0,12,4095,4095,True,0,unsigned,MONOCHROME2,1740,1692,2082.0,2457.0
2,126397712012687540784611673197697059691_fp0cu9.png,126397712012687540784611673197697059691_fp0cu9.png,success,uint16,"(1843, 1846)",2,0.0,65519.0,23132.041462263292,20706.166764758356,0.0,0.0,0.0,0.0,24672.0,41183.0,56271.0,60207.0,62575.0,12,4095,4095,True,0,unsigned,MONOCHROME2,1843,1846,2047.0,4095.0
3,216840111366964013307756408102012093111819763_01-114-013.png,216840111366964013307756408102012093111819763_01-114-013.png,success,uint16,"(2000, 1860)",2,0.0,65519.0,34378.87862903226,17096.457927718435,0.0,0.0,7216.0,20560.0,33327.0,46943.0,65471.0,65519.0,65519.0,12,4095,4095,True,0,unsigned,MONOCHROME2,2000,1860,1982,2201
4,216840111366964012558082906712010004133151165_00-119-134.png,216840111366964012558082906712010004133151165_00-119-134.png,success,uint16,"(1924, 1700)",2,16.0,65519.0,27021.871936223553,17437.366257947673,16.0,16.0,16.0,14163.0,26726.0,41850.0,54268.0,61934.0,65519.0,12,4095,4095,True,0,unsigned,MONOCHROME2,1924,1700,2373.0,1951.0
5,216840111366964013340662495472012111130929144_01-108-133.png,216840111366964013340662495472012111130929144_01-108-133.png,success,uint16,"(2000, 1908)",2,17.0,65518.0,24286.88027672956,18916.536453498764,17.0,17.0,17.0,17.0,25512.0,40510.0,52275.0,63137.0,65518.0,12,4095,4095,True,0,unsigned,MONOCHROME2,2000,1908,2209,1822
6,216840111366964013217898866992011329134906098_01-027-105.png,216840111366964013217898866992011329134906098_01-027-105.png,success,uint16,"(1840, 1920)",2,0.0,65519.0,36599.041403702446,16098.757289179995,0.0,0.0,4960.0,25728.0,36911.0,47007.0,64287.0,65519.0,65519.0,12,4095,4095,True,0,unsigned,MONOCHROME2,1840,1920,1969,2431
7,216840111366964013293097335992012048173805692_01-094-011.png,216840111366964013293097335992012048173805692_01-094-011.png,success,uint16,"(3520, 4280)",2,7694.0,63346.0,47357.349674158344,14562.575075040311,8026.0,17312.0,21359.0,35819.0,50478.0,61489.0,63346.0,63346.0,63346.0,10,1023,1023,True,0,unsigned,MONOCHROME2,3520,4280,5.115000e+02,1.023000e+03
8,216840111366964013451228379692012257110540618_02-006-005.png,216840111366964013451228379692012257110540618_02-006-005.png,success,uint16,"(1716, 1636)",2,19.0,65516.0,35041.482080063375,17706.132925050715,19.0,19.0,19.0,28328.0,37568.0,47568.0,59508.0,62645.0,64603.0,12,4095,4095,True,0,unsigned,MONOCHROME2,1716,1636,2396,1931
9,46523715740384360192496023767246369337_veyewt.png,46523715740384360192496023767246369337_veyewt.png,success,uint16,"(2825, 2813)",2,0.0,65519.0,33897.54041344076,15034.65631812857,0.0,0.0,1200.0,23456.0,36719.0,45295.0,54879.0,57951.0,60495.0,12,4095,4095,True,0,unsigned,MONOCHROME2,2825,2813,2047.5,4095
10,216840111366964012373310883942009084123158919_00-069-064.png,216840111366964012373310883942009084123158919_00-069-064.png,success,uint16,"(1752, 1116)",2,18.0,65517.0,32475.14827447587,20544.274196660008,18.0,18.0,18.0,16732.0,34839.0,49165.0,63419.0,65517.0,65517.0,12,4095,4095,True,0,unsigned,MONOCHROME2,1752,1116,2105.0,2100.0
11,255433269247415893224655601475580025849_j5s1kc.png,255433269247415893224655601475580025849_j5s1kc.png,success,uint16,"(2186, 2468)",2,0.0,65519.0,38996.80110834973,11965.909545631557,8896.0,12032.0,16864.0,30320.0,40879.0,49235.0,54703.0,56543.0,58287.0,12,4095,4095,True,0,unsigned,MONOCHROME2,2186,2468,2047.5,4095
12,216840111366964013217898866992011349123010433_01-006-043.png,216840111366964013217898866992011349123010433_01-006-043.png,success,uint16,"(1760, 2140)",2,0.0,65519.0,24857.49063402719,16847.142942824128,0.0,0.0,0.0,10128.0,28736.0,36319.0,51167.0,55599.0,61103.0,12,4095,4095,True,0,unsigned,MONOCHROME2,1760,2140,2047.0,4095.0
13,216840111366964013200840352202011315131143616_01-032-099.png,216840111366964013200840352202011315131143616_01-032-099.png,success,uint16,"(1608, 1564)",2,0.0,65519.0,35032.00366613225,18406.00666450412,0.0,0.0,5840.0,20864.0,33711.0,49183.0,65519.0,65519.0,65519.0,12,4095,4095,True,0,unsigned,MONOCHROME2,1608,1564,2028,2295
14,216840111366964013076187734852011291090122566_00-195-189.png,216840111366964013076187734852011291090122566_00-195-189.png,success,uint16,"(3520, 4280)",2,6216.0,63485.0,32728.307810508708,14767.713576037784,6216.0,6216.0,6216.0,22154.0,34388.0,43712.0,54557.0,59782.0,62691.0,10,1023,1023,True,0,unsigned,MONOCHROME2,3520,4280,511.5,1023.0
15,216840111366964012948363412702011013123142008_00-125-030.png,216840111366964012948363412702011013123142008_00-125-030.png,success,uint16,"(1976, 2000)",2,0.0,65519.0,33367.576315789476,16561.64833211237,0.0,0.0,5760.0,21296.0,32352.0,44351.0,64751.0,65519.0,65519.0,12,4095,4095,True,0,unsigned,MONOCHROME2,1976,2000,1972.0,2371.0
16,216840111366964013829543166512013358092118761_02-089-145.png,216840111366964013829543166512013358092118761_02-089-145.png,success,uint16,"(2564, 2748)",2,0.0,63005.0,37254.39885552846,13454.397137403961,0.0,0.0,13879.0,27026.0,40206.0,48194.0,54635.0,56798.0,58845.0,12,4095,4095,True,0,unsigned,MONOCHROME2,2564,2748,2047.0,4095.0
17,329608354535639464795481936214199434429_kzcyhb.png,329608354535639464795481936214199434429_kzcyhb.png,success,uint16,"(2374, 2582)",2,0.0,57439.0,34001.69998293545,14217.707123862725,0.0,0.0,5424.0,23856.0,37487.0,45887.0,51151.0,52703.0,54127.0,12,4095,4095,True,0,unsigned,MONOCHROME2,2374,2582,2047.0,4095.0
18,317759408657031098460852906419716899073_2rq56f.png,317759408657031098460852906419716899073_2rq56f.png,success,uint16,"(2312, 2301)",2,0.0,65527.0,30903.894139226362,18024.297538486717,0.0,0.0,0.0,19984.0,33063.0,46015.0,54975.0,57855.0,59903.0,12,4095,4095,True,0,unsigned,MONOCHROME2,2312,2301,2047.5,4095
19,101103270798497222826083823719046670601_jw1fu2.png,101103270798497222826083823719046670601_jw1fu2.png,success,uint16,"(2865, 2827)",2,0.0,65519.0,32602.386715979235,15477.227003787517,0.0,0.0,640.0,23184.0,33519.0,45567.0,54687.0,58175.0,61263.0,12,4095,4095,True,0,unsigned,MONOCHROME2,2865,2827,2047.5,4095
20,216840111366964013451228379692012269104148390_01-054-004.png,216840111366964013451228379692012269104148390_01-054-004.png,success,uint16,"(3520, 4280)",2,7429.0,63346.0,40392.21026550552,17500.757748182532,7429.0,7429.0,7429.0,26267.0,44110.0,56249.0,61754.0,62351.0,63147.0,10,1023,1023,True,0,unsigned,MONOCHROME2,3520,4280,5.115000e+02,1.023000e+03
21,216840111366964013395900950222012171101555757_01-139-142.png,216840111366964013395900950222012171101555757_01-139-142.png,success,uint16,"(1660, 1752)",2,0.0,65519.0,34094.78556004841,17146.152931959627,0.0,0.0,10048.0,20336.0,32975.0,46223.0,65519.0,65519.0,65519.0,12,4095,4095,True,0,unsigned,MONOCHROME2,1660,1752,2085,2120
22,216840111366964014008416513202014153161516671_01-196-149.png,216840111366964014008416513202014153161516671_01-196-149.png,success,uint16,"(2140, 1760)",2,0.0,65519.0,24308.879605458795,21634.0772555235,0.0,0.0,0.0,0.0,27328.0,44719.0,55455.0,58975.0,60831.0,12,4095,4095,True,0,unsigned,MONOCHROME2,2140,1760,2047.0,4095.0
23,216840111366964013515091760022012318080539431_01-152-111.png,216840111366964013515091760022012318080539431_01-152-111.png,success,uint16,"(3000, 2253)",2,0.0,65519.0,24820.52852774079,17789.80670814908,0.0,0.0,0.0,9360.0,23536.0,40783.0,52847.0,56463.0,59023.0,12,4095,4095,True,0,unsigned,MONOCHROME2,3000,2253,2047.0,4095.0
