csv_index,ImageID,ImageDir,Labels,resolved_image,resolved_path
0,216840111366964012819207061112010316094555679_04-017-068.png,53.0,['normal'],216840111366964012819207061112010316094555679_04-017-068.png,C:\Users\NIELIT\Videos\EXACT-CXR-XR\data\sample\216840111366964012819207061112010316094555679_04-017-068.png
1,216840111366964012373310883942009181081546904_00-027-172.png,45.0,"['aortic elongation', 'COPD signs']",216840111366964012373310883942009181081546904_00-027-172.png,C:\Users\NIELIT\Videos\EXACT-CXR-XR\data\sample\216840111366964012373310883942009181081546904_00-027-172.png
2,126397712012687540784611673197697059691_fp0cu9.png,1.0,['unchanged'],126397712012687540784611673197697059691_fp0cu9.png,C:\Users\NIELIT\Videos\EXACT-CXR-XR\data\sample\126397712012687540784611673197697059691_fp0cu9.png
3,216840111366964013307756408102012093111819763_01-114-013.png,28.0,['costophrenic angle blunting'],216840111366964013307756408102012093111819763_01-114-013.png,C:\Users\NIELIT\Videos\EXACT-CXR-XR\data\sample\216840111366964013307756408102012093111819763_01-114-013.png
4,216840111366964012558082906712010004133151165_00-119-134.png,47.0,"['laminar atelectasis', 'supra aortic elongation', 'cardiomegaly', 'unchanged']",216840111366964012558082906712010004133151165_00-119-134.png,C:\Users\NIELIT\Videos\EXACT-CXR-XR\data\sample\216840111366964012558082906712010004133151165_00-119-134.png
5,216840111366964013340662495472012111130929144_01-108-133.png,32.0,['normal'],216840111366964013340662495472012111130929144_01-108-133.png,C:\Users\NIELIT\Videos\EXACT-CXR-XR\data\sample\216840111366964013340662495472012111130929144_01-108-133.png
6,216840111366964013217898866992011329134906098_01-027-105.png,27.0,"['nodule', 'interstitial pattern', ' pulmonary fibrosis']",216840111366964013217898866992011329134906098_01-027-105.png,C:\Users\NIELIT\Videos\EXACT-CXR-XR\data\sample\216840111366964013217898866992011329134906098_01-027-105.png
7,216840111366964013293097335992012048173805692_01-094-011.png,22.0,['normal'],216840111366964013293097335992012048173805692_01-094-011.png,C:\Users\NIELIT\Videos\EXACT-CXR-XR\data\sample\216840111366964013293097335992012048173805692_01-094-011.png
8,216840111366964013451228379692012257110540618_02-006-005.png,20.0,['normal'],216840111366964013451228379692012257110540618_02-006-005.png,C:\Users\NIELIT\Videos\EXACT-CXR-XR\data\sample\216840111366964013451228379692012257110540618_02-006-005.png
9,46523715740384360192496023767246369337_veyewt.png,13.0,['diaphragmatic eventration'],46523715740384360192496023767246369337_veyewt.png,C:\Users\NIELIT\Videos\EXACT-CXR-XR\data\sample\46523715740384360192496023767246369337_veyewt.png
10,216840111366964012373310883942009084123158919_00-069-064.png,43.0,"['infiltrates', ' pneumonia']",216840111366964012373310883942009084123158919_00-069-064.png,C:\Users\NIELIT\Videos\EXACT-CXR-XR\data\sample\216840111366964012373310883942009084123158919_00-069-064.png
11,255433269247415893224655601475580025849_j5s1kc.png,6.0,['cardiomegaly'],255433269247415893224655601475580025849_j5s1kc.png,C:\Users\NIELIT\Videos\EXACT-CXR-XR\data\sample\255433269247415893224655601475580025849_j5s1kc.png
12,216840111366964013217898866992011349123010433_01-006-043.png,32.0,"['NSG tube', 'unchanged']",216840111366964013217898866992011349123010433_01-006-043.png,C:\Users\NIELIT\Videos\EXACT-CXR-XR\data\sample\216840111366964013217898866992011349123010433_01-006-043.png
13,216840111366964013200840352202011315131143616_01-032-099.png,30.0,"['air trapping', 'costophrenic angle blunting']",216840111366964013200840352202011315131143616_01-032-099.png,C:\Users\NIELIT\Videos\EXACT-CXR-XR\data\sample\216840111366964013200840352202011315131143616_01-032-099.png
14,216840111366964013076187734852011291090122566_00-195-189.png,52.0,"['cardiomegaly', 'interstitial pattern', 'unchanged']",216840111366964013076187734852011291090122566_00-195-189.png,C:\Users\NIELIT\Videos\EXACT-CXR-XR\data\sample\216840111366964013076187734852011291090122566_00-195-189.png
15,216840111366964012948363412702011013123142008_00-125-030.png,46.0,['normal'],216840111366964012948363412702011013123142008_00-125-030.png,C:\Users\NIELIT\Videos\EXACT-CXR-XR\data\sample\216840111366964012948363412702011013123142008_00-125-030.png
16,216840111366964013829543166512013358092118761_02-089-145.png,18.0,"['dual chamber device', ' pacemaker']",216840111366964013829543166512013358092118761_02-089-145.png,C:\Users\NIELIT\Videos\EXACT-CXR-XR\data\sample\216840111366964013829543166512013358092118761_02-089-145.png
17,329608354535639464795481936214199434429_kzcyhb.png,5.0,['normal'],329608354535639464795481936214199434429_kzcyhb.png,C:\Users\NIELIT\Videos\EXACT-CXR-XR\data\sample\329608354535639464795481936214199434429_kzcyhb.png
18,317759408657031098460852906419716899073_2rq56f.png,3.0,"['kyphosis', 'vertebral degenerative changes', 'rib fracture']",317759408657031098460852906419716899073_2rq56f.png,C:\Users\NIELIT\Videos\EXACT-CXR-XR\data\sample\317759408657031098460852906419716899073_2rq56f.png
19,101103270798497222826083823719046670601_jw1fu2.png,1.0,"['alveolar pattern', 'cardiomegaly', 'vascular hilar enlargement', 'pleural effusion', 'pneumonia', 'costophrenic angle blunting', 'vascular redistribution', 'heart insufficiency']",101103270798497222826083823719046670601_jw1fu2.png,C:\Users\NIELIT\Videos\EXACT-CXR-XR\data\sample\101103270798497222826083823719046670601_jw1fu2.png
20,216840111366964013451228379692012269104148390_01-054-004.png,32.0,['normal'],216840111366964013451228379692012269104148390_01-054-004.png,C:\Users\NIELIT\Videos\EXACT-CXR-XR\data\sample\216840111366964013451228379692012269104148390_01-054-004.png
21,216840111366964013395900950222012171101555757_01-139-142.png,22.0,['normal'],216840111366964013395900950222012171101555757_01-139-142.png,C:\Users\NIELIT\Videos\EXACT-CXR-XR\data\sample\216840111366964013395900950222012171101555757_01-139-142.png
22,216840111366964014008416513202014153161516671_01-196-149.png,28.0,['normal'],216840111366964014008416513202014153161516671_01-196-149.png,C:\Users\NIELIT\Videos\EXACT-CXR-XR\data\sample\216840111366964014008416513202014153161516671_01-196-149.png
23,216840111366964013515091760022012318080539431_01-152-111.png,26.0,"['rib fracture', 'consolidation', ' pneumonia', 'costophrenic angle blunting']",216840111366964013515091760022012318080539431_01-152-111.png,C:\Users\NIELIT\Videos\EXACT-CXR-XR\data\sample\216840111366964013515091760022012318080539431_01-152-111.png
