ImageID,image_path,fold,target_Pneumonia,prob_Pneumonia,target_Cardiomegaly,prob_Cardiomegaly,target_Atelectasis,prob_Atelectasis,target_Effusion,prob_Effusion,target_Consolidation,prob_Consolidation
216840111366964012819207061112010316094555679_04-017-068.png,C:\Users\NIELIT\Videos\EXACT-CXR-XR\data\sample\216840111366964012819207061112010316094555679_04-017-068.png,0,0,0.10183369368314743,0,0.019691944122314453,0,0.11695203185081482,0,0.028649725019931793,0,0.08326904475688934
216840111366964012373310883942009181081546904_00-027-172.png,C:\Users\NIELIT\Videos\EXACT-CXR-XR\data\sample\216840111366964012373310883942009181081546904_00-027-172.png,2,0,0.04161054268479347,0,0.06471654772758484,0,0.14958186447620392,0,0.017336880788207054,0,0.05113093927502632
126397712012687540784611673197697059691_fp0cu9.png,C:\Users\NIELIT\Videos\EXACT-CXR-XR\data\sample\126397712012687540784611673197697059691_fp0cu9.png,0,0,0.021307015791535378,0,0.2572815418243408,0,0.15237939357757568,0,0.09774146229028702,0,0.4827479124069214
216840111366964013307756408102012093111819763_01-114-013.png,C:\Users\NIELIT\Videos\EXACT-CXR-XR\data\sample\216840111366964013307756408102012093111819763_01-114-013.png,1,0,0.09185704588890076,0,0.002711052540689707,0,0.07525306195020676,0,0.008199363946914673,0,0.03262849152088165
216840111366964012558082906712010004133151165_00-119-134.png,C:\Users\NIELIT\Videos\EXACT-CXR-XR\data\sample\216840111366964012558082906712010004133151165_00-119-134.png,2,0,0.6027020812034607,1,0.22971613705158234,0,0.50251305103302,0,0.5013177394866943,0,0.5048583745956421
216840111366964013340662495472012111130929144_01-108-133.png,C:\Users\NIELIT\Videos\EXACT-CXR-XR\data\sample\216840111366964013340662495472012111130929144_01-108-133.png,2,0,0.5737322568893433,0,0.11255481839179993,0,0.32523778080940247,0,0.2153109759092331,0,0.35208165645599365
216840111366964013217898866992011329134906098_01-027-105.png,C:\Users\NIELIT\Videos\EXACT-CXR-XR\data\sample\216840111366964013217898866992011329134906098_01-027-105.png,3,0,0.5043290853500366,0,0.35977357625961304,0,0.5480966567993164,0,0.2873394191265106,0,0.5199686884880066
216840111366964013293097335992012048173805692_01-094-011.png,C:\Users\NIELIT\Videos\EXACT-CXR-XR\data\sample\216840111366964013293097335992012048173805692_01-094-011.png,0,0,0.014023404568433762,0,0.0006765818689018488,0,0.0067999702878296375,0,0.004678764380514622,0,0.0834018662571907
216840111366964013451228379692012257110540618_02-006-005.png,C:\Users\NIELIT\Videos\EXACT-CXR-XR\data\sample\216840111366964013451228379692012257110540618_02-006-005.png,1,0,0.8189745545387268,0,0.06154307723045349,0,0.13071517646312714,0,0.14535371959209442,0,0.5353906154632568
46523715740384360192496023767246369337_veyewt.png,C:\Users\NIELIT\Videos\EXACT-CXR-XR\data\sample\46523715740384360192496023767246369337_veyewt.png,2,0,0.004534705076366663,0,0.07071681320667267,0,0.111969955265522,0,0.01793752983212471,0,0.045936305075883865
216840111366964012373310883942009084123158919_00-069-064.png,C:\Users\NIELIT\Videos\EXACT-CXR-XR\data\sample\216840111366964012373310883942009084123158919_00-069-064.png,3,1,0.2659718990325928,0,0.18854433298110962,0,0.37939977645874023,0,0.38883617520332336,0,0.5203895568847656
255433269247415893224655601475580025849_j5s1kc.png,C:\Users\NIELIT\Videos\EXACT-CXR-XR\data\sample\255433269247415893224655601475580025849_j5s1kc.png,1,0,0.00047680491115897894,1,0.5066884756088257,0,0.03608053922653198,0,0.024843944236636162,0,0.02931673265993595
216840111366964013217898866992011349123010433_01-006-043.png,C:\Users\NIELIT\Videos\EXACT-CXR-XR\data\sample\216840111366964013217898866992011349123010433_01-006-043.png,3,0,0.5163682699203491,0,0.03246496617794037,0,0.6738085746765137,0,0.5992590188980103,0,0.5417395830154419
216840111366964013200840352202011315131143616_01-032-099.png,C:\Users\NIELIT\Videos\EXACT-CXR-XR\data\sample\216840111366964013200840352202011315131143616_01-032-099.png,0,0,0.23452866077423096,0,0.1408073753118515,0,0.5069332718849182,0,0.25395137071609497,0,0.16304083168506622
216840111366964013076187734852011291090122566_00-195-189.png,C:\Users\NIELIT\Videos\EXACT-CXR-XR\data\sample\216840111366964013076187734852011291090122566_00-195-189.png,3,0,0.11040852218866348,1,0.5346549153327942,0,0.21349123120307922,0,0.2764071524143219,0,0.5121499300003052
216840111366964012948363412702011013123142008_00-125-030.png,C:\Users\NIELIT\Videos\EXACT-CXR-XR\data\sample\216840111366964012948363412702011013123142008_00-125-030.png,1,0,0.11141280084848404,0,0.028682364150881767,0,0.23186767101287842,0,0.020803553983569145,0,0.026819678023457527
216840111366964013829543166512013358092118761_02-089-145.png,C:\Users\NIELIT\Videos\EXACT-CXR-XR\data\sample\216840111366964013829543166512013358092118761_02-089-145.png,2,0,0.008912259712815285,0,0.016722863540053368,0,0.42727068066596985,0,0.03931097313761711,0,0.11123429238796234
329608354535639464795481936214199434429_kzcyhb.png,C:\Users\NIELIT\Videos\EXACT-CXR-XR\data\sample\329608354535639464795481936214199434429_kzcyhb.png,3,0,0.07629521191120148,0,0.4156080186367035,0,0.5302859544754028,0,0.2574795186519623,0,0.2773313820362091
317759408657031098460852906419716899073_2rq56f.png,C:\Users\NIELIT\Videos\EXACT-CXR-XR\data\sample\317759408657031098460852906419716899073_2rq56f.png,0,0,0.037263281643390656,0,0.17278102040290833,0,0.386458158493042,0,0.5288413763046265,0,0.5118144750595093
101103270798497222826083823719046670601_jw1fu2.png,C:\Users\NIELIT\Videos\EXACT-CXR-XR\data\sample\101103270798497222826083823719046670601_jw1fu2.png,0,1,0.07928295433521271,1,0.5193779468536377,0,0.5715147256851196,0,0.7681854963302612,0,0.5194674730300903
216840111366964013451228379692012269104148390_01-054-004.png,C:\Users\NIELIT\Videos\EXACT-CXR-XR\data\sample\216840111366964013451228379692012269104148390_01-054-004.png,1,0,0.01645653136074543,0,0.2779608964920044,0,0.537256121635437,0,0.22702091932296753,0,0.271208256483078
216840111366964013395900950222012171101555757_01-139-142.png,C:\Users\NIELIT\Videos\EXACT-CXR-XR\data\sample\216840111366964013395900950222012171101555757_01-139-142.png,2,0,0.5201603174209595,0,0.0018759171944111586,0,0.0511988066136837,0,0.018875224515795708,0,0.24993956089019775
216840111366964014008416513202014153161516671_01-196-149.png,C:\Users\NIELIT\Videos\EXACT-CXR-XR\data\sample\216840111366964014008416513202014153161516671_01-196-149.png,3,0,0.12139416486024857,0,0.07525366544723511,0,0.020929737016558647,0,0.12868817150592804,0,0.5032600164413452
216840111366964013515091760022012318080539431_01-152-111.png,C:\Users\NIELIT\Videos\EXACT-CXR-XR\data\sample\216840111366964013515091760022012318080539431_01-152-111.png,1,1,0.2367529422044754,0,0.04958256706595421,0,0.0798603892326355,0,0.05274643376469612,1,0.2869577407836914
