target,threshold,n,positives,negatives,TP,TN,FP,FN,sensitivity,specificity,precision,F1,balanced_accuracy,predicted_positive_rate
Pneumonia,0.05,24,3,21,3,8,13,0,1.0,0.38095238095238093,0.1875,0.3157894736842105,0.6904761904761905,0.6666666666666666
Pneumonia,0.1,24,3,21,2,10,11,1,0.6666666666666666,0.47619047619047616,0.15384615384615385,0.25,0.5714285714285714,0.5416666666666666
Pneumonia,0.15,24,3,21,2,14,7,1,0.6666666666666666,0.6666666666666666,0.2222222222222222,0.3333333333333333,0.6666666666666666,0.375
Pneumonia,0.2,24,3,21,2,14,7,1,0.6666666666666666,0.6666666666666666,0.2222222222222222,0.3333333333333333,0.6666666666666666,0.375
Pneumonia,0.25,24,3,21,1,15,6,2,0.3333333333333333,0.7142857142857143,0.14285714285714285,0.2,0.5238095238095238,0.2916666666666667
Pneumonia,0.3,24,3,21,0,15,6,3,0.0,0.7142857142857143,0.0,0.0,0.35714285714285715,0.25
Pneumonia,0.35,24,3,21,0,15,6,3,0.0,0.7142857142857143,0.0,0.0,0.35714285714285715,0.25
Pneumonia,0.4,24,3,21,0,15,6,3,0.0,0.7142857142857143,0.0,0.0,0.35714285714285715,0.25
Pneumonia,0.45,24,3,21,0,15,6,3,0.0,0.7142857142857143,0.0,0.0,0.35714285714285715,0.25
Pneumonia,0.5,24,3,21,0,15,6,3,0.0,0.7142857142857143,0.0,0.0,0.35714285714285715,0.25
Pneumonia,0.55,24,3,21,0,18,3,3,0.0,0.8571428571428571,0.0,0.0,0.42857142857142855,0.125
Pneumonia,0.6,24,3,21,0,19,2,3,0.0,0.9047619047619048,0.0,0.0,0.4523809523809524,0.08333333333333333
Pneumonia,0.65,24,3,21,0,20,1,3,0.0,0.9523809523809523,0.0,0.0,0.47619047619047616,0.041666666666666664
Pneumonia,0.7,24,3,21,0,20,1,3,0.0,0.9523809523809523,0.0,0.0,0.47619047619047616,0.041666666666666664
Pneumonia,0.75,24,3,21,0,20,1,3,0.0,0.9523809523809523,0.0,0.0,0.47619047619047616,0.041666666666666664
Pneumonia,0.8,24,3,21,0,20,1,3,0.0,0.9523809523809523,0.0,0.0,0.47619047619047616,0.041666666666666664
Pneumonia,0.85,24,3,21,0,21,0,3,0.0,1.0,0.0,0.0,0.5,0.0
Pneumonia,0.9,24,3,21,0,21,0,3,0.0,1.0,0.0,0.0,0.5,0.0
Pneumonia,0.95,24,3,21,0,21,0,3,0.0,1.0,0.0,0.0,0.5,0.0
Cardiomegaly,0.05,24,4,20,4,8,12,0,1.0,0.4,0.25,0.4,0.7,0.6666666666666666
Cardiomegaly,0.1,24,4,20,4,12,8,0,1.0,0.6,0.3333333333333333,0.5,0.8,0.5
Cardiomegaly,0.15,24,4,20,4,14,6,0,1.0,0.7,0.4,0.5714285714285714,0.85,0.4166666666666667
Cardiomegaly,0.2,24,4,20,4,16,4,0,1.0,0.8,0.5,0.6666666666666666,0.9,0.3333333333333333
Cardiomegaly,0.25,24,4,20,3,16,4,1,0.75,0.8,0.42857142857142855,0.5454545454545454,0.775,0.2916666666666667
Cardiomegaly,0.3,24,4,20,3,18,2,1,0.75,0.9,0.6,0.6666666666666666,0.825,0.20833333333333334
Cardiomegaly,0.35,24,4,20,3,18,2,1,0.75,0.9,0.6,0.6666666666666666,0.825,0.20833333333333334
Cardiomegaly,0.4,24,4,20,3,19,1,1,0.75,0.95,0.75,0.75,0.85,0.16666666666666666
Cardiomegaly,0.45,24,4,20,3,20,0,1,0.75,1.0,1.0,0.8571428571428571,0.875,0.125
Cardiomegaly,0.5,24,4,20,3,20,0,1,0.75,1.0,1.0,0.8571428571428571,0.875,0.125
Cardiomegaly,0.55,24,4,20,0,20,0,4,0.0,1.0,0.0,0.0,0.5,0.0
Cardiomegaly,0.6,24,4,20,0,20,0,4,0.0,1.0,0.0,0.0,0.5,0.0
Cardiomegaly,0.65,24,4,20,0,20,0,4,0.0,1.0,0.0,0.0,0.5,0.0
Cardiomegaly,0.7,24,4,20,0,20,0,4,0.0,1.0,0.0,0.0,0.5,0.0
Cardiomegaly,0.75,24,4,20,0,20,0,4,0.0,1.0,0.0,0.0,0.5,0.0
Cardiomegaly,0.8,24,4,20,0,20,0,4,0.0,1.0,0.0,0.0,0.5,0.0
Cardiomegaly,0.85,24,4,20,0,20,0,4,0.0,1.0,0.0,0.0,0.5,0.0
Cardiomegaly,0.9,24,4,20,0,20,0,4,0.0,1.0,0.0,0.0,0.5,0.0
Cardiomegaly,0.95,24,4,20,0,20,0,4,0.0,1.0,0.0,0.0,0.5,0.0
Atelectasis,0.05,24,1,23,1,3,20,0,1.0,0.13043478260869565,0.047619047619047616,0.09090909090909091,0.5652173913043478,0.875
Atelectasis,0.1,24,1,23,1,6,17,0,1.0,0.2608695652173913,0.05555555555555555,0.10526315789473684,0.6304347826086957,0.75
Atelectasis,0.15,24,1,23,1,10,13,0,1.0,0.43478260869565216,0.07142857142857142,0.13333333333333333,0.717391304347826,0.5833333333333334
Atelectasis,0.2,24,1,23,1,11,12,0,1.0,0.4782608695652174,0.07692307692307693,0.14285714285714285,0.7391304347826086,0.5416666666666666
Atelectasis,0.25,24,1,23,1,13,10,0,1.0,0.5652173913043478,0.09090909090909091,0.16666666666666666,0.7826086956521738,0.4583333333333333
Atelectasis,0.3,24,1,23,1,13,10,0,1.0,0.5652173913043478,0.09090909090909091,0.16666666666666666,0.7826086956521738,0.4583333333333333
Atelectasis,0.35,24,1,23,1,14,9,0,1.0,0.6086956521739131,0.1,0.18181818181818182,0.8043478260869565,0.4166666666666667
Atelectasis,0.4,24,1,23,1,16,7,0,1.0,0.6956521739130435,0.125,0.2222222222222222,0.8478260869565217,0.3333333333333333
Atelectasis,0.45,24,1,23,1,17,6,0,1.0,0.7391304347826086,0.14285714285714285,0.25,0.8695652173913043,0.2916666666666667
Atelectasis,0.5,24,1,23,1,17,6,0,1.0,0.7391304347826086,0.14285714285714285,0.25,0.8695652173913043,0.2916666666666667
Atelectasis,0.55,24,1,23,0,21,2,1,0.0,0.9130434782608695,0.0,0.0,0.45652173913043476,0.08333333333333333
Atelectasis,0.6,24,1,23,0,22,1,1,0.0,0.9565217391304348,0.0,0.0,0.4782608695652174,0.041666666666666664
Atelectasis,0.65,24,1,23,0,22,1,1,0.0,0.9565217391304348,0.0,0.0,0.4782608695652174,0.041666666666666664
Atelectasis,0.7,24,1,23,0,23,0,1,0.0,1.0,0.0,0.0,0.5,0.0
Atelectasis,0.75,24,1,23,0,23,0,1,0.0,1.0,0.0,0.0,0.5,0.0
Atelectasis,0.8,24,1,23,0,23,0,1,0.0,1.0,0.0,0.0,0.5,0.0
Atelectasis,0.85,24,1,23,0,23,0,1,0.0,1.0,0.0,0.0,0.5,0.0
Atelectasis,0.9,24,1,23,0,23,0,1,0.0,1.0,0.0,0.0,0.5,0.0
Atelectasis,0.95,24,1,23,0,23,0,1,0.0,1.0,0.0,0.0,0.5,0.0
Effusion,0.05,24,1,23,1,9,14,0,1.0,0.391304347826087,0.06666666666666667,0.125,0.6956521739130435,0.625
Effusion,0.1,24,1,23,1,11,12,0,1.0,0.4782608695652174,0.07692307692307693,0.14285714285714285,0.7391304347826086,0.5416666666666666
Effusion,0.15,24,1,23,1,13,10,0,1.0,0.5652173913043478,0.09090909090909091,0.16666666666666666,0.7826086956521738,0.4583333333333333
Effusion,0.2,24,1,23,1,13,10,0,1.0,0.5652173913043478,0.09090909090909091,0.16666666666666666,0.7826086956521738,0.4583333333333333
Effusion,0.25,24,1,23,1,15,8,0,1.0,0.6521739130434783,0.1111111111111111,0.2,0.8260869565217391,0.375
Effusion,0.3,24,1,23,1,19,4,0,1.0,0.8260869565217391,0.2,0.3333333333333333,0.9130434782608696,0.20833333333333334
Effusion,0.35,24,1,23,1,19,4,0,1.0,0.8260869565217391,0.2,0.3333333333333333,0.9130434782608696,0.20833333333333334
Effusion,0.4,24,1,23,1,20,3,0,1.0,0.8695652173913043,0.25,0.4,0.9347826086956521,0.16666666666666666
Effusion,0.45,24,1,23,1,20,3,0,1.0,0.8695652173913043,0.25,0.4,0.9347826086956521,0.16666666666666666
Effusion,0.5,24,1,23,1,20,3,0,1.0,0.8695652173913043,0.25,0.4,0.9347826086956521,0.16666666666666666
Effusion,0.55,24,1,23,1,22,1,0,1.0,0.9565217391304348,0.5,0.6666666666666666,0.9782608695652174,0.08333333333333333
Effusion,0.6,24,1,23,1,23,0,0,1.0,1.0,1.0,1.0,1.0,0.041666666666666664
Effusion,0.65,24,1,23,1,23,0,0,1.0,1.0,1.0,1.0,1.0,0.041666666666666664
Effusion,0.7,24,1,23,1,23,0,0,1.0,1.0,1.0,1.0,1.0,0.041666666666666664
Effusion,0.75,24,1,23,1,23,0,0,1.0,1.0,1.0,1.0,1.0,0.041666666666666664
Effusion,0.8,24,1,23,0,23,0,1,0.0,1.0,0.0,0.0,0.5,0.0
Effusion,0.85,24,1,23,0,23,0,1,0.0,1.0,0.0,0.0,0.5,0.0
Effusion,0.9,24,1,23,0,23,0,1,0.0,1.0,0.0,0.0,0.5,0.0
Effusion,0.95,24,1,23,0,23,0,1,0.0,1.0,0.0,0.0,0.5,0.0
Consolidation,0.05,24,1,23,1,4,19,0,1.0,0.17391304347826086,0.05,0.09523809523809523,0.5869565217391304,0.8333333333333334
Consolidation,0.1,24,1,23,1,7,16,0,1.0,0.30434782608695654,0.058823529411764705,0.1111111111111111,0.6521739130434783,0.7083333333333334
Consolidation,0.15,24,1,23,1,8,15,0,1.0,0.34782608695652173,0.0625,0.11764705882352941,0.6739130434782609,0.6666666666666666
Consolidation,0.2,24,1,23,1,9,14,0,1.0,0.391304347826087,0.06666666666666667,0.125,0.6956521739130435,0.625
Consolidation,0.25,24,1,23,1,10,13,0,1.0,0.43478260869565216,0.07142857142857142,0.13333333333333333,0.717391304347826,0.5833333333333334
Consolidation,0.3,24,1,23,0,12,11,1,0.0,0.5217391304347826,0.0,0.0,0.2608695652173913,0.4583333333333333
Consolidation,0.35,24,1,23,0,12,11,1,0.0,0.5217391304347826,0.0,0.0,0.2608695652173913,0.4583333333333333
Consolidation,0.4,24,1,23,0,13,10,1,0.0,0.5652173913043478,0.0,0.0,0.2826086956521739,0.4166666666666667
Consolidation,0.45,24,1,23,0,13,10,1,0.0,0.5652173913043478,0.0,0.0,0.2826086956521739,0.4166666666666667
Consolidation,0.5,24,1,23,0,14,9,1,0.0,0.6086956521739131,0.0,0.0,0.30434782608695654,0.375
Consolidation,0.55,24,1,23,0,23,0,1,0.0,1.0,0.0,0.0,0.5,0.0
Consolidation,0.6,24,1,23,0,23,0,1,0.0,1.0,0.0,0.0,0.5,0.0
Consolidation,0.65,24,1,23,0,23,0,1,0.0,1.0,0.0,0.0,0.5,0.0
Consolidation,0.7,24,1,23,0,23,0,1,0.0,1.0,0.0,0.0,0.5,0.0
Consolidation,0.75,24,1,23,0,23,0,1,0.0,1.0,0.0,0.0,0.5,0.0
Consolidation,0.8,24,1,23,0,23,0,1,0.0,1.0,0.0,0.0,0.5,0.0
Consolidation,0.85,24,1,23,0,23,0,1,0.0,1.0,0.0,0.0,0.5,0.0
Consolidation,0.9,24,1,23,0,23,0,1,0.0,1.0,0.0,0.0,0.5,0.0
Consolidation,0.95,24,1,23,0,23,0,1,0.0,1.0,0.0,0.0,0.5,0.0
