label,model,C,class_weight,auroc,auprc,positives,negatives,threshold,tp,tn,fp,fn,sensitivity,specificity,precision,f1,balanced_accuracy,status
cardiomegaly,xrv_features,0.001,,0.4375,0.37424585218702866,4,20,0.3,0,20,0,4,0.0,1.0,0.0,0.0,0.5,evaluated
cardiomegaly,xrv_features,0.001,,0.4375,0.37424585218702866,4,20,0.35,0,20,0,4,0.0,1.0,0.0,0.0,0.5,evaluated
cardiomegaly,xrv_features,0.001,,0.4375,0.37424585218702866,4,20,0.4,0,20,0,4,0.0,1.0,0.0,0.0,0.5,evaluated
cardiomegaly,xrv_features,0.001,,0.4375,0.37424585218702866,4,20,0.45,0,20,0,4,0.0,1.0,0.0,0.0,0.5,evaluated
cardiomegaly,xrv_features,0.001,,0.4375,0.37424585218702866,4,20,0.5,0,20,0,4,0.0,1.0,0.0,0.0,0.5,evaluated
cardiomegaly,xrv_features,0.001,,0.4375,0.37424585218702866,4,20,0.55,0,20,0,4,0.0,1.0,0.0,0.0,0.5,evaluated
cardiomegaly,xrv_features,0.001,,0.4375,0.37424585218702866,4,20,0.6,0,20,0,4,0.0,1.0,0.0,0.0,0.5,evaluated
cardiomegaly,xrv_features,0.001,,0.4375,0.37424585218702866,4,20,0.65,0,20,0,4,0.0,1.0,0.0,0.0,0.5,evaluated
cardiomegaly,xrv_features,0.001,,0.4375,0.37424585218702866,4,20,0.7,0,20,0,4,0.0,1.0,0.0,0.0,0.5,evaluated
cardiomegaly,xrv_features,0.001,balanced,0.5375,0.4049145299145299,4,20,0.3,3,2,18,1,0.75,0.1,0.14285714285714285,0.24,0.425,evaluated
cardiomegaly,xrv_features,0.001,balanced,0.5375,0.4049145299145299,4,20,0.35,3,9,11,1,0.75,0.45,0.21428571428571427,0.3333333333333333,0.6,evaluated
cardiomegaly,xrv_features,0.001,balanced,0.5375,0.4049145299145299,4,20,0.4,2,12,8,2,0.5,0.6,0.2,0.28571428571428575,0.55,evaluated
cardiomegaly,xrv_features,0.001,balanced,0.5375,0.4049145299145299,4,20,0.45,1,15,5,3,0.25,0.75,0.16666666666666666,0.2,0.5,evaluated
cardiomegaly,xrv_features,0.001,balanced,0.5375,0.4049145299145299,4,20,0.5,1,19,1,3,0.25,0.95,0.5,0.3333333333333333,0.6,evaluated
cardiomegaly,xrv_features,0.001,balanced,0.5375,0.4049145299145299,4,20,0.55,1,20,0,3,0.25,1.0,1.0,0.4,0.625,evaluated
cardiomegaly,xrv_features,0.001,balanced,0.5375,0.4049145299145299,4,20,0.6,0,20,0,4,0.0,1.0,0.0,0.0,0.5,evaluated
cardiomegaly,xrv_features,0.001,balanced,0.5375,0.4049145299145299,4,20,0.65,0,20,0,4,0.0,1.0,0.0,0.0,0.5,evaluated
cardiomegaly,xrv_features,0.001,balanced,0.5375,0.4049145299145299,4,20,0.7,0,20,0,4,0.0,1.0,0.0,0.0,0.5,evaluated
cardiomegaly,xrv_features,0.01,,0.55,0.40972222222222227,4,20,0.3,1,20,0,3,0.25,1.0,1.0,0.4,0.625,evaluated
cardiomegaly,xrv_features,0.01,,0.55,0.40972222222222227,4,20,0.35,1,20,0,3,0.25,1.0,1.0,0.4,0.625,evaluated
cardiomegaly,xrv_features,0.01,,0.55,0.40972222222222227,4,20,0.4,1,20,0,3,0.25,1.0,1.0,0.4,0.625,evaluated
cardiomegaly,xrv_features,0.01,,0.55,0.40972222222222227,4,20,0.45,1,20,0,3,0.25,1.0,1.0,0.4,0.625,evaluated
cardiomegaly,xrv_features,0.01,,0.55,0.40972222222222227,4,20,0.5,1,20,0,3,0.25,1.0,1.0,0.4,0.625,evaluated
cardiomegaly,xrv_features,0.01,,0.55,0.40972222222222227,4,20,0.55,1,20,0,3,0.25,1.0,1.0,0.4,0.625,evaluated
cardiomegaly,xrv_features,0.01,,0.55,0.40972222222222227,4,20,0.6,0,20,0,4,0.0,1.0,0.0,0.0,0.5,evaluated
cardiomegaly,xrv_features,0.01,,0.55,0.40972222222222227,4,20,0.65,0,20,0,4,0.0,1.0,0.0,0.0,0.5,evaluated
cardiomegaly,xrv_features,0.01,,0.55,0.40972222222222227,4,20,0.7,0,20,0,4,0.0,1.0,0.0,0.0,0.5,evaluated
cardiomegaly,xrv_features,0.01,balanced,0.5625,0.4136705685618729,4,20,0.3,1,15,5,3,0.25,0.75,0.16666666666666666,0.2,0.5,evaluated
cardiomegaly,xrv_features,0.01,balanced,0.5625,0.4136705685618729,4,20,0.35,1,16,4,3,0.25,0.8,0.2,0.22222222222222224,0.525,evaluated
cardiomegaly,xrv_features,0.01,balanced,0.5625,0.4136705685618729,4,20,0.4,1,17,3,3,0.25,0.85,0.25,0.25,0.55,evaluated
cardiomegaly,xrv_features,0.01,balanced,0.5625,0.4136705685618729,4,20,0.45,1,18,2,3,0.25,0.9,0.3333333333333333,0.28571428571428575,0.575,evaluated
cardiomegaly,xrv_features,0.01,balanced,0.5625,0.4136705685618729,4,20,0.5,1,20,0,3,0.25,1.0,1.0,0.4,0.625,evaluated
cardiomegaly,xrv_features,0.01,balanced,0.5625,0.4136705685618729,4,20,0.55,1,20,0,3,0.25,1.0,1.0,0.4,0.625,evaluated
cardiomegaly,xrv_features,0.01,balanced,0.5625,0.4136705685618729,4,20,0.6,1,20,0,3,0.25,1.0,1.0,0.4,0.625,evaluated
cardiomegaly,xrv_features,0.01,balanced,0.5625,0.4136705685618729,4,20,0.65,1,20,0,3,0.25,1.0,1.0,0.4,0.625,evaluated
cardiomegaly,xrv_features,0.01,balanced,0.5625,0.4136705685618729,4,20,0.7,1,20,0,3,0.25,1.0,1.0,0.4,0.625,evaluated
cardiomegaly,xrv_features,0.1,,0.575,0.42259913999044435,4,20,0.3,1,20,0,3,0.25,1.0,1.0,0.4,0.625,evaluated
cardiomegaly,xrv_features,0.1,,0.575,0.42259913999044435,4,20,0.35,1,20,0,3,0.25,1.0,1.0,0.4,0.625,evaluated
cardiomegaly,xrv_features,0.1,,0.575,0.42259913999044435,4,20,0.4,1,20,0,3,0.25,1.0,1.0,0.4,0.625,evaluated
cardiomegaly,xrv_features,0.1,,0.575,0.42259913999044435,4,20,0.45,1,20,0,3,0.25,1.0,1.0,0.4,0.625,evaluated
cardiomegaly,xrv_features,0.1,,0.575,0.42259913999044435,4,20,0.5,1,20,0,3,0.25,1.0,1.0,0.4,0.625,evaluated
cardiomegaly,xrv_features,0.1,,0.575,0.42259913999044435,4,20,0.55,1,20,0,3,0.25,1.0,1.0,0.4,0.625,evaluated
cardiomegaly,xrv_features,0.1,,0.575,0.42259913999044435,4,20,0.6,1,20,0,3,0.25,1.0,1.0,0.4,0.625,evaluated
cardiomegaly,xrv_features,0.1,,0.575,0.42259913999044435,4,20,0.65,1,20,0,3,0.25,1.0,1.0,0.4,0.625,evaluated
cardiomegaly,xrv_features,0.1,,0.575,0.42259913999044435,4,20,0.7,1,20,0,3,0.25,1.0,1.0,0.4,0.625,evaluated
cardiomegaly,xrv_features,0.1,balanced,0.575,0.42259913999044435,4,20,0.3,1,17,3,3,0.25,0.85,0.25,0.25,0.55,evaluated
cardiomegaly,xrv_features,0.1,balanced,0.575,0.42259913999044435,4,20,0.35,1,19,1,3,0.25,0.95,0.5,0.3333333333333333,0.6,evaluated
cardiomegaly,xrv_features,0.1,balanced,0.575,0.42259913999044435,4,20,0.4,1,19,1,3,0.25,0.95,0.5,0.3333333333333333,0.6,evaluated
cardiomegaly,xrv_features,0.1,balanced,0.575,0.42259913999044435,4,20,0.45,1,20,0,3,0.25,1.0,1.0,0.4,0.625,evaluated
cardiomegaly,xrv_features,0.1,balanced,0.575,0.42259913999044435,4,20,0.5,1,20,0,3,0.25,1.0,1.0,0.4,0.625,evaluated
cardiomegaly,xrv_features,0.1,balanced,0.575,0.42259913999044435,4,20,0.55,1,20,0,3,0.25,1.0,1.0,0.4,0.625,evaluated
cardiomegaly,xrv_features,0.1,balanced,0.575,0.42259913999044435,4,20,0.6,1,20,0,3,0.25,1.0,1.0,0.4,0.625,evaluated
cardiomegaly,xrv_features,0.1,balanced,0.575,0.42259913999044435,4,20,0.65,1,20,0,3,0.25,1.0,1.0,0.4,0.625,evaluated
cardiomegaly,xrv_features,0.1,balanced,0.575,0.42259913999044435,4,20,0.7,1,20,0,3,0.25,1.0,1.0,0.4,0.625,evaluated
cardiomegaly,xrv_features,1.0,,0.5625,0.4184782608695652,4,20,0.3,1,20,0,3,0.25,1.0,1.0,0.4,0.625,evaluated
cardiomegaly,xrv_features,1.0,,0.5625,0.4184782608695652,4,20,0.35,1,20,0,3,0.25,1.0,1.0,0.4,0.625,evaluated
cardiomegaly,xrv_features,1.0,,0.5625,0.4184782608695652,4,20,0.4,1,20,0,3,0.25,1.0,1.0,0.4,0.625,evaluated
cardiomegaly,xrv_features,1.0,,0.5625,0.4184782608695652,4,20,0.45,1,20,0,3,0.25,1.0,1.0,0.4,0.625,evaluated
cardiomegaly,xrv_features,1.0,,0.5625,0.4184782608695652,4,20,0.5,1,20,0,3,0.25,1.0,1.0,0.4,0.625,evaluated
cardiomegaly,xrv_features,1.0,,0.5625,0.4184782608695652,4,20,0.55,1,20,0,3,0.25,1.0,1.0,0.4,0.625,evaluated
cardiomegaly,xrv_features,1.0,,0.5625,0.4184782608695652,4,20,0.6,1,20,0,3,0.25,1.0,1.0,0.4,0.625,evaluated
cardiomegaly,xrv_features,1.0,,0.5625,0.4184782608695652,4,20,0.65,1,20,0,3,0.25,1.0,1.0,0.4,0.625,evaluated
cardiomegaly,xrv_features,1.0,,0.5625,0.4184782608695652,4,20,0.7,1,20,0,3,0.25,1.0,1.0,0.4,0.625,evaluated
cardiomegaly,xrv_features,1.0,balanced,0.5875,0.43450390189520627,4,20,0.3,1,19,1,3,0.25,0.95,0.5,0.3333333333333333,0.6,evaluated
cardiomegaly,xrv_features,1.0,balanced,0.5875,0.43450390189520627,4,20,0.35,1,19,1,3,0.25,0.95,0.5,0.3333333333333333,0.6,evaluated
cardiomegaly,xrv_features,1.0,balanced,0.5875,0.43450390189520627,4,20,0.4,1,20,0,3,0.25,1.0,1.0,0.4,0.625,evaluated
cardiomegaly,xrv_features,1.0,balanced,0.5875,0.43450390189520627,4,20,0.45,1,20,0,3,0.25,1.0,1.0,0.4,0.625,evaluated
cardiomegaly,xrv_features,1.0,balanced,0.5875,0.43450390189520627,4,20,0.5,1,20,0,3,0.25,1.0,1.0,0.4,0.625,evaluated
cardiomegaly,xrv_features,1.0,balanced,0.5875,0.43450390189520627,4,20,0.55,1,20,0,3,0.25,1.0,1.0,0.4,0.625,evaluated
cardiomegaly,xrv_features,1.0,balanced,0.5875,0.43450390189520627,4,20,0.6,1,20,0,3,0.25,1.0,1.0,0.4,0.625,evaluated
cardiomegaly,xrv_features,1.0,balanced,0.5875,0.43450390189520627,4,20,0.65,1,20,0,3,0.25,1.0,1.0,0.4,0.625,evaluated
cardiomegaly,xrv_features,1.0,balanced,0.5875,0.43450390189520627,4,20,0.7,1,20,0,3,0.25,1.0,1.0,0.4,0.625,evaluated
cardiomegaly,xrv_features,10.0,,0.575,0.4303830227743271,4,20,0.3,1,20,0,3,0.25,1.0,1.0,0.4,0.625,evaluated
cardiomegaly,xrv_features,10.0,,0.575,0.4303830227743271,4,20,0.35,1,20,0,3,0.25,1.0,1.0,0.4,0.625,evaluated
cardiomegaly,xrv_features,10.0,,0.575,0.4303830227743271,4,20,0.4,1,20,0,3,0.25,1.0,1.0,0.4,0.625,evaluated
cardiomegaly,xrv_features,10.0,,0.575,0.4303830227743271,4,20,0.45,1,20,0,3,0.25,1.0,1.0,0.4,0.625,evaluated
cardiomegaly,xrv_features,10.0,,0.575,0.4303830227743271,4,20,0.5,1,20,0,3,0.25,1.0,1.0,0.4,0.625,evaluated
cardiomegaly,xrv_features,10.0,,0.575,0.4303830227743271,4,20,0.55,1,20,0,3,0.25,1.0,1.0,0.4,0.625,evaluated
cardiomegaly,xrv_features,10.0,,0.575,0.4303830227743271,4,20,0.6,1,20,0,3,0.25,1.0,1.0,0.4,0.625,evaluated
cardiomegaly,xrv_features,10.0,,0.575,0.4303830227743271,4,20,0.65,1,20,0,3,0.25,1.0,1.0,0.4,0.625,evaluated
cardiomegaly,xrv_features,10.0,,0.575,0.4303830227743271,4,20,0.7,1,20,0,3,0.25,1.0,1.0,0.4,0.625,evaluated
cardiomegaly,xrv_features,10.0,balanced,0.6000000000000001,0.4364801864801865,4,20,0.3,1,19,1,3,0.25,0.95,0.5,0.3333333333333333,0.6,evaluated
cardiomegaly,xrv_features,10.0,balanced,0.6000000000000001,0.4364801864801865,4,20,0.35,1,20,0,3,0.25,1.0,1.0,0.4,0.625,evaluated
cardiomegaly,xrv_features,10.0,balanced,0.6000000000000001,0.4364801864801865,4,20,0.4,1,20,0,3,0.25,1.0,1.0,0.4,0.625,evaluated
cardiomegaly,xrv_features,10.0,balanced,0.6000000000000001,0.4364801864801865,4,20,0.45,1,20,0,3,0.25,1.0,1.0,0.4,0.625,evaluated
cardiomegaly,xrv_features,10.0,balanced,0.6000000000000001,0.4364801864801865,4,20,0.5,1,20,0,3,0.25,1.0,1.0,0.4,0.625,evaluated
cardiomegaly,xrv_features,10.0,balanced,0.6000000000000001,0.4364801864801865,4,20,0.55,1,20,0,3,0.25,1.0,1.0,0.4,0.625,evaluated
cardiomegaly,xrv_features,10.0,balanced,0.6000000000000001,0.4364801864801865,4,20,0.6,1,20,0,3,0.25,1.0,1.0,0.4,0.625,evaluated
cardiomegaly,xrv_features,10.0,balanced,0.6000000000000001,0.4364801864801865,4,20,0.65,1,20,0,3,0.25,1.0,1.0,0.4,0.625,evaluated
cardiomegaly,xrv_features,10.0,balanced,0.6000000000000001,0.4364801864801865,4,20,0.7,1,20,0,3,0.25,1.0,1.0,0.4,0.625,evaluated
costophrenic angle blunting,xrv_features,0.001,,0.375,0.16447368421052633,4,20,0.3,0,19,1,4,0.0,0.95,0.0,0.0,0.475,evaluated
costophrenic angle blunting,xrv_features,0.001,,0.375,0.16447368421052633,4,20,0.35,0,19,1,4,0.0,0.95,0.0,0.0,0.475,evaluated
costophrenic angle blunting,xrv_features,0.001,,0.375,0.16447368421052633,4,20,0.4,0,20,0,4,0.0,1.0,0.0,0.0,0.5,evaluated
costophrenic angle blunting,xrv_features,0.001,,0.375,0.16447368421052633,4,20,0.45,0,20,0,4,0.0,1.0,0.0,0.0,0.5,evaluated
costophrenic angle blunting,xrv_features,0.001,,0.375,0.16447368421052633,4,20,0.5,0,20,0,4,0.0,1.0,0.0,0.0,0.5,evaluated
costophrenic angle blunting,xrv_features,0.001,,0.375,0.16447368421052633,4,20,0.55,0,20,0,4,0.0,1.0,0.0,0.0,0.5,evaluated
costophrenic angle blunting,xrv_features,0.001,,0.375,0.16447368421052633,4,20,0.6,0,20,0,4,0.0,1.0,0.0,0.0,0.5,evaluated
costophrenic angle blunting,xrv_features,0.001,,0.375,0.16447368421052633,4,20,0.65,0,20,0,4,0.0,1.0,0.0,0.0,0.5,evaluated
costophrenic angle blunting,xrv_features,0.001,,0.375,0.16447368421052633,4,20,0.7,0,20,0,4,0.0,1.0,0.0,0.0,0.5,evaluated
costophrenic angle blunting,xrv_features,0.001,balanced,0.6124999999999999,0.39069264069264065,4,20,0.3,3,3,17,1,0.75,0.15,0.15,0.24999999999999997,0.45,evaluated
costophrenic angle blunting,xrv_features,0.001,balanced,0.6124999999999999,0.39069264069264065,4,20,0.35,3,5,15,1,0.75,0.25,0.16666666666666666,0.27272727272727276,0.5,evaluated
costophrenic angle blunting,xrv_features,0.001,balanced,0.6124999999999999,0.39069264069264065,4,20,0.4,3,6,14,1,0.75,0.3,0.17647058823529413,0.2857142857142857,0.525,evaluated
costophrenic angle blunting,xrv_features,0.001,balanced,0.6124999999999999,0.39069264069264065,4,20,0.45,2,14,6,2,0.5,0.7,0.25,0.3333333333333333,0.6,evaluated
costophrenic angle blunting,xrv_features,0.001,balanced,0.6124999999999999,0.39069264069264065,4,20,0.5,2,17,3,2,0.5,0.85,0.4,0.4444444444444445,0.675,evaluated
costophrenic angle blunting,xrv_features,0.001,balanced,0.6124999999999999,0.39069264069264065,4,20,0.55,1,19,1,3,0.25,0.95,0.5,0.3333333333333333,0.6,evaluated
costophrenic angle blunting,xrv_features,0.001,balanced,0.6124999999999999,0.39069264069264065,4,20,0.6,0,19,1,4,0.0,0.95,0.0,0.0,0.475,evaluated
costophrenic angle blunting,xrv_features,0.001,balanced,0.6124999999999999,0.39069264069264065,4,20,0.65,0,19,1,4,0.0,0.95,0.0,0.0,0.475,evaluated
costophrenic angle blunting,xrv_features,0.001,balanced,0.6124999999999999,0.39069264069264065,4,20,0.7,0,20,0,4,0.0,1.0,0.0,0.0,0.5,evaluated
costophrenic angle blunting,xrv_features,0.01,,0.6125,0.38928571428571423,4,20,0.3,2,18,2,2,0.5,0.9,0.5,0.5,0.7,evaluated
costophrenic angle blunting,xrv_features,0.01,,0.6125,0.38928571428571423,4,20,0.35,1,19,1,3,0.25,0.95,0.5,0.3333333333333333,0.6,evaluated
costophrenic angle blunting,xrv_features,0.01,,0.6125,0.38928571428571423,4,20,0.4,0,19,1,4,0.0,0.95,0.0,0.0,0.475,evaluated
costophrenic angle blunting,xrv_features,0.01,,0.6125,0.38928571428571423,4,20,0.45,0,19,1,4,0.0,0.95,0.0,0.0,0.475,evaluated
costophrenic angle blunting,xrv_features,0.01,,0.6125,0.38928571428571423,4,20,0.5,0,19,1,4,0.0,0.95,0.0,0.0,0.475,evaluated
costophrenic angle blunting,xrv_features,0.01,,0.6125,0.38928571428571423,4,20,0.55,0,19,1,4,0.0,0.95,0.0,0.0,0.475,evaluated
costophrenic angle blunting,xrv_features,0.01,,0.6125,0.38928571428571423,4,20,0.6,0,19,1,4,0.0,0.95,0.0,0.0,0.475,evaluated
costophrenic angle blunting,xrv_features,0.01,,0.6125,0.38928571428571423,4,20,0.65,0,19,1,4,0.0,0.95,0.0,0.0,0.475,evaluated
costophrenic angle blunting,xrv_features,0.01,,0.6125,0.38928571428571423,4,20,0.7,0,19,1,4,0.0,0.95,0.0,0.0,0.475,evaluated
costophrenic angle blunting,xrv_features,0.01,balanced,0.6875000000000001,0.4226190476190476,4,20,0.3,2,15,5,2,0.5,0.75,0.2857142857142857,0.36363636363636365,0.625,evaluated
costophrenic angle blunting,xrv_features,0.01,balanced,0.6875000000000001,0.4226190476190476,4,20,0.35,2,17,3,2,0.5,0.85,0.4,0.4444444444444445,0.675,evaluated
costophrenic angle blunting,xrv_features,0.01,balanced,0.6875000000000001,0.4226190476190476,4,20,0.4,2,17,3,2,0.5,0.85,0.4,0.4444444444444445,0.675,evaluated
costophrenic angle blunting,xrv_features,0.01,balanced,0.6875000000000001,0.4226190476190476,4,20,0.45,2,17,3,2,0.5,0.85,0.4,0.4444444444444445,0.675,evaluated
costophrenic angle blunting,xrv_features,0.01,balanced,0.6875000000000001,0.4226190476190476,4,20,0.5,2,19,1,2,0.5,0.95,0.6666666666666666,0.5714285714285715,0.725,evaluated
costophrenic angle blunting,xrv_features,0.01,balanced,0.6875000000000001,0.4226190476190476,4,20,0.55,2,19,1,2,0.5,0.95,0.6666666666666666,0.5714285714285715,0.725,evaluated
costophrenic angle blunting,xrv_features,0.01,balanced,0.6875000000000001,0.4226190476190476,4,20,0.6,2,19,1,2,0.5,0.95,0.6666666666666666,0.5714285714285715,0.725,evaluated
costophrenic angle blunting,xrv_features,0.01,balanced,0.6875000000000001,0.4226190476190476,4,20,0.65,2,19,1,2,0.5,0.95,0.6666666666666666,0.5714285714285715,0.725,evaluated
costophrenic angle blunting,xrv_features,0.01,balanced,0.6875000000000001,0.4226190476190476,4,20,0.7,0,19,1,4,0.0,0.95,0.0,0.0,0.475,evaluated
costophrenic angle blunting,xrv_features,0.1,,0.7125,0.42763157894736836,4,20,0.3,2,19,1,2,0.5,0.95,0.6666666666666666,0.5714285714285715,0.725,evaluated
costophrenic angle blunting,xrv_features,0.1,,0.7125,0.42763157894736836,4,20,0.35,2,19,1,2,0.5,0.95,0.6666666666666666,0.5714285714285715,0.725,evaluated
costophrenic angle blunting,xrv_features,0.1,,0.7125,0.42763157894736836,4,20,0.4,1,19,1,3,0.25,0.95,0.5,0.3333333333333333,0.6,evaluated
costophrenic angle blunting,xrv_features,0.1,,0.7125,0.42763157894736836,4,20,0.45,1,19,1,3,0.25,0.95,0.5,0.3333333333333333,0.6,evaluated
costophrenic angle blunting,xrv_features,0.1,,0.7125,0.42763157894736836,4,20,0.5,1,19,1,3,0.25,0.95,0.5,0.3333333333333333,0.6,evaluated
costophrenic angle blunting,xrv_features,0.1,,0.7125,0.42763157894736836,4,20,0.55,1,19,1,3,0.25,0.95,0.5,0.3333333333333333,0.6,evaluated
costophrenic angle blunting,xrv_features,0.1,,0.7125,0.42763157894736836,4,20,0.6,1,19,1,3,0.25,0.95,0.5,0.3333333333333333,0.6,evaluated
costophrenic angle blunting,xrv_features,0.1,,0.7125,0.42763157894736836,4,20,0.65,0,19,1,4,0.0,0.95,0.0,0.0,0.475,evaluated
costophrenic angle blunting,xrv_features,0.1,,0.7125,0.42763157894736836,4,20,0.7,0,19,1,4,0.0,0.95,0.0,0.0,0.475,evaluated
costophrenic angle blunting,xrv_features,0.1,balanced,0.725,0.4380482456140351,4,20,0.3,2,17,3,2,0.5,0.85,0.4,0.4444444444444445,0.675,evaluated
costophrenic angle blunting,xrv_features,0.1,balanced,0.725,0.4380482456140351,4,20,0.35,2,17,3,2,0.5,0.85,0.4,0.4444444444444445,0.675,evaluated
costophrenic angle blunting,xrv_features,0.1,balanced,0.725,0.4380482456140351,4,20,0.4,2,17,3,2,0.5,0.85,0.4,0.4444444444444445,0.675,evaluated
costophrenic angle blunting,xrv_features,0.1,balanced,0.725,0.4380482456140351,4,20,0.45,2,19,1,2,0.5,0.95,0.6666666666666666,0.5714285714285715,0.725,evaluated
costophrenic angle blunting,xrv_features,0.1,balanced,0.725,0.4380482456140351,4,20,0.5,2,19,1,2,0.5,0.95,0.6666666666666666,0.5714285714285715,0.725,evaluated
costophrenic angle blunting,xrv_features,0.1,balanced,0.725,0.4380482456140351,4,20,0.55,2,19,1,2,0.5,0.95,0.6666666666666666,0.5714285714285715,0.725,evaluated
costophrenic angle blunting,xrv_features,0.1,balanced,0.725,0.4380482456140351,4,20,0.6,2,19,1,2,0.5,0.95,0.6666666666666666,0.5714285714285715,0.725,evaluated
costophrenic angle blunting,xrv_features,0.1,balanced,0.725,0.4380482456140351,4,20,0.65,1,19,1,3,0.25,0.95,0.5,0.3333333333333333,0.6,evaluated
costophrenic angle blunting,xrv_features,0.1,balanced,0.725,0.4380482456140351,4,20,0.7,1,19,1,3,0.25,0.95,0.5,0.3333333333333333,0.6,evaluated
costophrenic angle blunting,xrv_features,1.0,,0.725,0.4380482456140351,4,20,0.3,1,19,1,3,0.25,0.95,0.5,0.3333333333333333,0.6,evaluated
costophrenic angle blunting,xrv_features,1.0,,0.725,0.4380482456140351,4,20,0.35,1,19,1,3,0.25,0.95,0.5,0.3333333333333333,0.6,evaluated
costophrenic angle blunting,xrv_features,1.0,,0.725,0.4380482456140351,4,20,0.4,1,19,1,3,0.25,0.95,0.5,0.3333333333333333,0.6,evaluated
costophrenic angle blunting,xrv_features,1.0,,0.725,0.4380482456140351,4,20,0.45,1,19,1,3,0.25,0.95,0.5,0.3333333333333333,0.6,evaluated
costophrenic angle blunting,xrv_features,1.0,,0.725,0.4380482456140351,4,20,0.5,1,19,1,3,0.25,0.95,0.5,0.3333333333333333,0.6,evaluated
costophrenic angle blunting,xrv_features,1.0,,0.725,0.4380482456140351,4,20,0.55,1,19,1,3,0.25,0.95,0.5,0.3333333333333333,0.6,evaluated
costophrenic angle blunting,xrv_features,1.0,,0.725,0.4380482456140351,4,20,0.6,1,19,1,3,0.25,0.95,0.5,0.3333333333333333,0.6,evaluated
costophrenic angle blunting,xrv_features,1.0,,0.725,0.4380482456140351,4,20,0.65,1,19,1,3,0.25,0.95,0.5,0.3333333333333333,0.6,evaluated
costophrenic angle blunting,xrv_features,1.0,,0.725,0.4380482456140351,4,20,0.7,1,19,1,3,0.25,0.95,0.5,0.3333333333333333,0.6,evaluated
costophrenic angle blunting,xrv_features,1.0,balanced,0.7375,0.45144110275689225,4,20,0.3,2,17,3,2,0.5,0.85,0.4,0.4444444444444445,0.675,evaluated
costophrenic angle blunting,xrv_features,1.0,balanced,0.7375,0.45144110275689225,4,20,0.35,2,19,1,2,0.5,0.95,0.6666666666666666,0.5714285714285715,0.725,evaluated
costophrenic angle blunting,xrv_features,1.0,balanced,0.7375,0.45144110275689225,4,20,0.4,2,19,1,2,0.5,0.95,0.6666666666666666,0.5714285714285715,0.725,evaluated
costophrenic angle blunting,xrv_features,1.0,balanced,0.7375,0.45144110275689225,4,20,0.45,2,19,1,2,0.5,0.95,0.6666666666666666,0.5714285714285715,0.725,evaluated
costophrenic angle blunting,xrv_features,1.0,balanced,0.7375,0.45144110275689225,4,20,0.5,2,19,1,2,0.5,0.95,0.6666666666666666,0.5714285714285715,0.725,evaluated
costophrenic angle blunting,xrv_features,1.0,balanced,0.7375,0.45144110275689225,4,20,0.55,1,19,1,3,0.25,0.95,0.5,0.3333333333333333,0.6,evaluated
costophrenic angle blunting,xrv_features,1.0,balanced,0.7375,0.45144110275689225,4,20,0.6,1,19,1,3,0.25,0.95,0.5,0.3333333333333333,0.6,evaluated
costophrenic angle blunting,xrv_features,1.0,balanced,0.7375,0.45144110275689225,4,20,0.65,1,19,1,3,0.25,0.95,0.5,0.3333333333333333,0.6,evaluated
costophrenic angle blunting,xrv_features,1.0,balanced,0.7375,0.45144110275689225,4,20,0.7,1,19,1,3,0.25,0.95,0.5,0.3333333333333333,0.6,evaluated
costophrenic angle blunting,xrv_features,10.0,,0.7250000000000001,0.40977443609022557,4,20,0.3,1,19,1,3,0.25,0.95,0.5,0.3333333333333333,0.6,evaluated
costophrenic angle blunting,xrv_features,10.0,,0.7250000000000001,0.40977443609022557,4,20,0.35,1,19,1,3,0.25,0.95,0.5,0.3333333333333333,0.6,evaluated
costophrenic angle blunting,xrv_features,10.0,,0.7250000000000001,0.40977443609022557,4,20,0.4,1,19,1,3,0.25,0.95,0.5,0.3333333333333333,0.6,evaluated
costophrenic angle blunting,xrv_features,10.0,,0.7250000000000001,0.40977443609022557,4,20,0.45,1,19,1,3,0.25,0.95,0.5,0.3333333333333333,0.6,evaluated
costophrenic angle blunting,xrv_features,10.0,,0.7250000000000001,0.40977443609022557,4,20,0.5,1,19,1,3,0.25,0.95,0.5,0.3333333333333333,0.6,evaluated
costophrenic angle blunting,xrv_features,10.0,,0.7250000000000001,0.40977443609022557,4,20,0.55,1,19,1,3,0.25,0.95,0.5,0.3333333333333333,0.6,evaluated
costophrenic angle blunting,xrv_features,10.0,,0.7250000000000001,0.40977443609022557,4,20,0.6,1,19,1,3,0.25,0.95,0.5,0.3333333333333333,0.6,evaluated
costophrenic angle blunting,xrv_features,10.0,,0.7250000000000001,0.40977443609022557,4,20,0.65,1,19,1,3,0.25,0.95,0.5,0.3333333333333333,0.6,evaluated
costophrenic angle blunting,xrv_features,10.0,,0.7250000000000001,0.40977443609022557,4,20,0.7,1,19,1,3,0.25,0.95,0.5,0.3333333333333333,0.6,evaluated
costophrenic angle blunting,xrv_features,10.0,balanced,0.75,0.45436507936507936,4,20,0.3,2,19,1,2,0.5,0.95,0.6666666666666666,0.5714285714285715,0.725,evaluated
costophrenic angle blunting,xrv_features,10.0,balanced,0.75,0.45436507936507936,4,20,0.35,2,19,1,2,0.5,0.95,0.6666666666666666,0.5714285714285715,0.725,evaluated
costophrenic angle blunting,xrv_features,10.0,balanced,0.75,0.45436507936507936,4,20,0.4,2,19,1,2,0.5,0.95,0.6666666666666666,0.5714285714285715,0.725,evaluated
costophrenic angle blunting,xrv_features,10.0,balanced,0.75,0.45436507936507936,4,20,0.45,1,19,1,3,0.25,0.95,0.5,0.3333333333333333,0.6,evaluated
costophrenic angle blunting,xrv_features,10.0,balanced,0.75,0.45436507936507936,4,20,0.5,1,19,1,3,0.25,0.95,0.5,0.3333333333333333,0.6,evaluated
costophrenic angle blunting,xrv_features,10.0,balanced,0.75,0.45436507936507936,4,20,0.55,1,19,1,3,0.25,0.95,0.5,0.3333333333333333,0.6,evaluated
costophrenic angle blunting,xrv_features,10.0,balanced,0.75,0.45436507936507936,4,20,0.6,1,19,1,3,0.25,0.95,0.5,0.3333333333333333,0.6,evaluated
costophrenic angle blunting,xrv_features,10.0,balanced,0.75,0.45436507936507936,4,20,0.65,1,19,1,3,0.25,0.95,0.5,0.3333333333333333,0.6,evaluated
costophrenic angle blunting,xrv_features,10.0,balanced,0.75,0.45436507936507936,4,20,0.7,1,19,1,3,0.25,0.95,0.5,0.3333333333333333,0.6,evaluated
interstitial pattern,xrv_features,0.001,,0.36363636363636365,0.09583333333333333,2,22,0.3,0,22,0,2,0.0,1.0,0.0,0.0,0.5,evaluated
interstitial pattern,xrv_features,0.001,,0.36363636363636365,0.09583333333333333,2,22,0.35,0,22,0,2,0.0,1.0,0.0,0.0,0.5,evaluated
interstitial pattern,xrv_features,0.001,,0.36363636363636365,0.09583333333333333,2,22,0.4,0,22,0,2,0.0,1.0,0.0,0.0,0.5,evaluated
interstitial pattern,xrv_features,0.001,,0.36363636363636365,0.09583333333333333,2,22,0.45,0,22,0,2,0.0,1.0,0.0,0.0,0.5,evaluated
interstitial pattern,xrv_features,0.001,,0.36363636363636365,0.09583333333333333,2,22,0.5,0,22,0,2,0.0,1.0,0.0,0.0,0.5,evaluated
interstitial pattern,xrv_features,0.001,,0.36363636363636365,0.09583333333333333,2,22,0.55,0,22,0,2,0.0,1.0,0.0,0.0,0.5,evaluated
interstitial pattern,xrv_features,0.001,,0.36363636363636365,0.09583333333333333,2,22,0.6,0,22,0,2,0.0,1.0,0.0,0.0,0.5,evaluated
interstitial pattern,xrv_features,0.001,,0.36363636363636365,0.09583333333333333,2,22,0.65,0,22,0,2,0.0,1.0,0.0,0.0,0.5,evaluated
interstitial pattern,xrv_features,0.001,,0.36363636363636365,0.09583333333333333,2,22,0.7,0,22,0,2,0.0,1.0,0.0,0.0,0.5,evaluated
interstitial pattern,xrv_features,0.001,balanced,0.4090909090909091,0.10096153846153846,2,22,0.3,1,9,13,1,0.5,0.4090909090909091,0.07142857142857142,0.125,0.4545454545454546,evaluated
interstitial pattern,xrv_features,0.001,balanced,0.4090909090909091,0.10096153846153846,2,22,0.35,0,16,6,2,0.0,0.7272727272727273,0.0,0.0,0.36363636363636365,evaluated
interstitial pattern,xrv_features,0.001,balanced,0.4090909090909091,0.10096153846153846,2,22,0.4,0,19,3,2,0.0,0.8636363636363636,0.0,0.0,0.4318181818181818,evaluated
interstitial pattern,xrv_features,0.001,balanced,0.4090909090909091,0.10096153846153846,2,22,0.45,0,21,1,2,0.0,0.9545454545454546,0.0,0.0,0.4772727272727273,evaluated
interstitial pattern,xrv_features,0.001,balanced,0.4090909090909091,0.10096153846153846,2,22,0.5,0,22,0,2,0.0,1.0,0.0,0.0,0.5,evaluated
interstitial pattern,xrv_features,0.001,balanced,0.4090909090909091,0.10096153846153846,2,22,0.55,0,22,0,2,0.0,1.0,0.0,0.0,0.5,evaluated
interstitial pattern,xrv_features,0.001,balanced,0.4090909090909091,0.10096153846153846,2,22,0.6,0,22,0,2,0.0,1.0,0.0,0.0,0.5,evaluated
interstitial pattern,xrv_features,0.001,balanced,0.4090909090909091,0.10096153846153846,2,22,0.65,0,22,0,2,0.0,1.0,0.0,0.0,0.5,evaluated
interstitial pattern,xrv_features,0.001,balanced,0.4090909090909091,0.10096153846153846,2,22,0.7,0,22,0,2,0.0,1.0,0.0,0.0,0.5,evaluated
interstitial pattern,xrv_features,0.01,,0.4090909090909091,0.10096153846153846,2,22,0.3,0,22,0,2,0.0,1.0,0.0,0.0,0.5,evaluated
interstitial pattern,xrv_features,0.01,,0.4090909090909091,0.10096153846153846,2,22,0.35,0,22,0,2,0.0,1.0,0.0,0.0,0.5,evaluated
interstitial pattern,xrv_features,0.01,,0.4090909090909091,0.10096153846153846,2,22,0.4,0,22,0,2,0.0,1.0,0.0,0.0,0.5,evaluated
interstitial pattern,xrv_features,0.01,,0.4090909090909091,0.10096153846153846,2,22,0.45,0,22,0,2,0.0,1.0,0.0,0.0,0.5,evaluated
interstitial pattern,xrv_features,0.01,,0.4090909090909091,0.10096153846153846,2,22,0.5,0,22,0,2,0.0,1.0,0.0,0.0,0.5,evaluated
interstitial pattern,xrv_features,0.01,,0.4090909090909091,0.10096153846153846,2,22,0.55,0,22,0,2,0.0,1.0,0.0,0.0,0.5,evaluated
interstitial pattern,xrv_features,0.01,,0.4090909090909091,0.10096153846153846,2,22,0.6,0,22,0,2,0.0,1.0,0.0,0.0,0.5,evaluated
interstitial pattern,xrv_features,0.01,,0.4090909090909091,0.10096153846153846,2,22,0.65,0,22,0,2,0.0,1.0,0.0,0.0,0.5,evaluated
interstitial pattern,xrv_features,0.01,,0.4090909090909091,0.10096153846153846,2,22,0.7,0,22,0,2,0.0,1.0,0.0,0.0,0.5,evaluated
interstitial pattern,xrv_features,0.01,balanced,0.5227272727272727,0.12142857142857143,2,22,0.3,0,21,1,2,0.0,0.9545454545454546,0.0,0.0,0.4772727272727273,evaluated
interstitial pattern,xrv_features,0.01,balanced,0.5227272727272727,0.12142857142857143,2,22,0.35,0,21,1,2,0.0,0.9545454545454546,0.0,0.0,0.4772727272727273,evaluated
interstitial pattern,xrv_features,0.01,balanced,0.5227272727272727,0.12142857142857143,2,22,0.4,0,21,1,2,0.0,0.9545454545454546,0.0,0.0,0.4772727272727273,evaluated
interstitial pattern,xrv_features,0.01,balanced,0.5227272727272727,0.12142857142857143,2,22,0.45,0,22,0,2,0.0,1.0,0.0,0.0,0.5,evaluated
interstitial pattern,xrv_features,0.01,balanced,0.5227272727272727,0.12142857142857143,2,22,0.5,0,22,0,2,0.0,1.0,0.0,0.0,0.5,evaluated
interstitial pattern,xrv_features,0.01,balanced,0.5227272727272727,0.12142857142857143,2,22,0.55,0,22,0,2,0.0,1.0,0.0,0.0,0.5,evaluated
interstitial pattern,xrv_features,0.01,balanced,0.5227272727272727,0.12142857142857143,2,22,0.6,0,22,0,2,0.0,1.0,0.0,0.0,0.5,evaluated
interstitial pattern,xrv_features,0.01,balanced,0.5227272727272727,0.12142857142857143,2,22,0.65,0,22,0,2,0.0,1.0,0.0,0.0,0.5,evaluated
interstitial pattern,xrv_features,0.01,balanced,0.5227272727272727,0.12142857142857143,2,22,0.7,0,22,0,2,0.0,1.0,0.0,0.0,0.5,evaluated
interstitial pattern,xrv_features,0.1,,0.5454545454545454,0.12692307692307692,2,22,0.3,0,22,0,2,0.0,1.0,0.0,0.0,0.5,evaluated
interstitial pattern,xrv_features,0.1,,0.5454545454545454,0.12692307692307692,2,22,0.35,0,22,0,2,0.0,1.0,0.0,0.0,0.5,evaluated
interstitial pattern,xrv_features,0.1,,0.5454545454545454,0.12692307692307692,2,22,0.4,0,22,0,2,0.0,1.0,0.0,0.0,0.5,evaluated
interstitial pattern,xrv_features,0.1,,0.5454545454545454,0.12692307692307692,2,22,0.45,0,22,0,2,0.0,1.0,0.0,0.0,0.5,evaluated
interstitial pattern,xrv_features,0.1,,0.5454545454545454,0.12692307692307692,2,22,0.5,0,22,0,2,0.0,1.0,0.0,0.0,0.5,evaluated
interstitial pattern,xrv_features,0.1,,0.5454545454545454,0.12692307692307692,2,22,0.55,0,22,0,2,0.0,1.0,0.0,0.0,0.5,evaluated
interstitial pattern,xrv_features,0.1,,0.5454545454545454,0.12692307692307692,2,22,0.6,0,22,0,2,0.0,1.0,0.0,0.0,0.5,evaluated
interstitial pattern,xrv_features,0.1,,0.5454545454545454,0.12692307692307692,2,22,0.65,0,22,0,2,0.0,1.0,0.0,0.0,0.5,evaluated
interstitial pattern,xrv_features,0.1,,0.5454545454545454,0.12692307692307692,2,22,0.7,0,22,0,2,0.0,1.0,0.0,0.0,0.5,evaluated
interstitial pattern,xrv_features,0.1,balanced,0.5681818181818181,0.13247863247863248,2,22,0.3,0,21,1,2,0.0,0.9545454545454546,0.0,0.0,0.4772727272727273,evaluated
interstitial pattern,xrv_features,0.1,balanced,0.5681818181818181,0.13247863247863248,2,22,0.35,0,21,1,2,0.0,0.9545454545454546,0.0,0.0,0.4772727272727273,evaluated
interstitial pattern,xrv_features,0.1,balanced,0.5681818181818181,0.13247863247863248,2,22,0.4,0,22,0,2,0.0,1.0,0.0,0.0,0.5,evaluated
interstitial pattern,xrv_features,0.1,balanced,0.5681818181818181,0.13247863247863248,2,22,0.45,0,22,0,2,0.0,1.0,0.0,0.0,0.5,evaluated
interstitial pattern,xrv_features,0.1,balanced,0.5681818181818181,0.13247863247863248,2,22,0.5,0,22,0,2,0.0,1.0,0.0,0.0,0.5,evaluated
interstitial pattern,xrv_features,0.1,balanced,0.5681818181818181,0.13247863247863248,2,22,0.55,0,22,0,2,0.0,1.0,0.0,0.0,0.5,evaluated
interstitial pattern,xrv_features,0.1,balanced,0.5681818181818181,0.13247863247863248,2,22,0.6,0,22,0,2,0.0,1.0,0.0,0.0,0.5,evaluated
interstitial pattern,xrv_features,0.1,balanced,0.5681818181818181,0.13247863247863248,2,22,0.65,0,22,0,2,0.0,1.0,0.0,0.0,0.5,evaluated
interstitial pattern,xrv_features,0.1,balanced,0.5681818181818181,0.13247863247863248,2,22,0.7,0,22,0,2,0.0,1.0,0.0,0.0,0.5,evaluated
interstitial pattern,xrv_features,1.0,,0.5681818181818181,0.13247863247863248,2,22,0.3,0,22,0,2,0.0,1.0,0.0,0.0,0.5,evaluated
interstitial pattern,xrv_features,1.0,,0.5681818181818181,0.13247863247863248,2,22,0.35,0,22,0,2,0.0,1.0,0.0,0.0,0.5,evaluated
interstitial pattern,xrv_features,1.0,,0.5681818181818181,0.13247863247863248,2,22,0.4,0,22,0,2,0.0,1.0,0.0,0.0,0.5,evaluated
interstitial pattern,xrv_features,1.0,,0.5681818181818181,0.13247863247863248,2,22,0.45,0,22,0,2,0.0,1.0,0.0,0.0,0.5,evaluated
interstitial pattern,xrv_features,1.0,,0.5681818181818181,0.13247863247863248,2,22,0.5,0,22,0,2,0.0,1.0,0.0,0.0,0.5,evaluated
interstitial pattern,xrv_features,1.0,,0.5681818181818181,0.13247863247863248,2,22,0.55,0,22,0,2,0.0,1.0,0.0,0.0,0.5,evaluated
interstitial pattern,xrv_features,1.0,,0.5681818181818181,0.13247863247863248,2,22,0.6,0,22,0,2,0.0,1.0,0.0,0.0,0.5,evaluated
interstitial pattern,xrv_features,1.0,,0.5681818181818181,0.13247863247863248,2,22,0.65,0,22,0,2,0.0,1.0,0.0,0.0,0.5,evaluated
interstitial pattern,xrv_features,1.0,,0.5681818181818181,0.13247863247863248,2,22,0.7,0,22,0,2,0.0,1.0,0.0,0.0,0.5,evaluated
interstitial pattern,xrv_features,1.0,balanced,0.6136363636363636,0.14835164835164835,2,22,0.3,0,22,0,2,0.0,1.0,0.0,0.0,0.5,evaluated
interstitial pattern,xrv_features,1.0,balanced,0.6136363636363636,0.14835164835164835,2,22,0.35,0,22,0,2,0.0,1.0,0.0,0.0,0.5,evaluated
interstitial pattern,xrv_features,1.0,balanced,0.6136363636363636,0.14835164835164835,2,22,0.4,0,22,0,2,0.0,1.0,0.0,0.0,0.5,evaluated
interstitial pattern,xrv_features,1.0,balanced,0.6136363636363636,0.14835164835164835,2,22,0.45,0,22,0,2,0.0,1.0,0.0,0.0,0.5,evaluated
interstitial pattern,xrv_features,1.0,balanced,0.6136363636363636,0.14835164835164835,2,22,0.5,0,22,0,2,0.0,1.0,0.0,0.0,0.5,evaluated
interstitial pattern,xrv_features,1.0,balanced,0.6136363636363636,0.14835164835164835,2,22,0.55,0,22,0,2,0.0,1.0,0.0,0.0,0.5,evaluated
interstitial pattern,xrv_features,1.0,balanced,0.6136363636363636,0.14835164835164835,2,22,0.6,0,22,0,2,0.0,1.0,0.0,0.0,0.5,evaluated
interstitial pattern,xrv_features,1.0,balanced,0.6136363636363636,0.14835164835164835,2,22,0.65,0,22,0,2,0.0,1.0,0.0,0.0,0.5,evaluated
interstitial pattern,xrv_features,1.0,balanced,0.6136363636363636,0.14835164835164835,2,22,0.7,0,22,0,2,0.0,1.0,0.0,0.0,0.5,evaluated
interstitial pattern,xrv_features,10.0,,0.6363636363636364,0.16025641025641024,2,22,0.3,0,22,0,2,0.0,1.0,0.0,0.0,0.5,evaluated
interstitial pattern,xrv_features,10.0,,0.6363636363636364,0.16025641025641024,2,22,0.35,0,22,0,2,0.0,1.0,0.0,0.0,0.5,evaluated
interstitial pattern,xrv_features,10.0,,0.6363636363636364,0.16025641025641024,2,22,0.4,0,22,0,2,0.0,1.0,0.0,0.0,0.5,evaluated
interstitial pattern,xrv_features,10.0,,0.6363636363636364,0.16025641025641024,2,22,0.45,0,22,0,2,0.0,1.0,0.0,0.0,0.5,evaluated
interstitial pattern,xrv_features,10.0,,0.6363636363636364,0.16025641025641024,2,22,0.5,0,22,0,2,0.0,1.0,0.0,0.0,0.5,evaluated
interstitial pattern,xrv_features,10.0,,0.6363636363636364,0.16025641025641024,2,22,0.55,0,22,0,2,0.0,1.0,0.0,0.0,0.5,evaluated
interstitial pattern,xrv_features,10.0,,0.6363636363636364,0.16025641025641024,2,22,0.6,0,22,0,2,0.0,1.0,0.0,0.0,0.5,evaluated
interstitial pattern,xrv_features,10.0,,0.6363636363636364,0.16025641025641024,2,22,0.65,0,22,0,2,0.0,1.0,0.0,0.0,0.5,evaluated
interstitial pattern,xrv_features,10.0,,0.6363636363636364,0.16025641025641024,2,22,0.7,0,22,0,2,0.0,1.0,0.0,0.0,0.5,evaluated
interstitial pattern,xrv_features,10.0,balanced,0.6136363636363636,0.14835164835164835,2,22,0.3,0,22,0,2,0.0,1.0,0.0,0.0,0.5,evaluated
interstitial pattern,xrv_features,10.0,balanced,0.6136363636363636,0.14835164835164835,2,22,0.35,0,22,0,2,0.0,1.0,0.0,0.0,0.5,evaluated
interstitial pattern,xrv_features,10.0,balanced,0.6136363636363636,0.14835164835164835,2,22,0.4,0,22,0,2,0.0,1.0,0.0,0.0,0.5,evaluated
interstitial pattern,xrv_features,10.0,balanced,0.6136363636363636,0.14835164835164835,2,22,0.45,0,22,0,2,0.0,1.0,0.0,0.0,0.5,evaluated
interstitial pattern,xrv_features,10.0,balanced,0.6136363636363636,0.14835164835164835,2,22,0.5,0,22,0,2,0.0,1.0,0.0,0.0,0.5,evaluated
interstitial pattern,xrv_features,10.0,balanced,0.6136363636363636,0.14835164835164835,2,22,0.55,0,22,0,2,0.0,1.0,0.0,0.0,0.5,evaluated
interstitial pattern,xrv_features,10.0,balanced,0.6136363636363636,0.14835164835164835,2,22,0.6,0,22,0,2,0.0,1.0,0.0,0.0,0.5,evaluated
interstitial pattern,xrv_features,10.0,balanced,0.6136363636363636,0.14835164835164835,2,22,0.65,0,22,0,2,0.0,1.0,0.0,0.0,0.5,evaluated
interstitial pattern,xrv_features,10.0,balanced,0.6136363636363636,0.14835164835164835,2,22,0.7,0,22,0,2,0.0,1.0,0.0,0.0,0.5,evaluated
pneumonia,xrv_features,0.001,,0.8571428571428572,0.4888888888888889,3,21,0.3,0,21,0,3,0.0,1.0,0.0,0.0,0.5,evaluated
pneumonia,xrv_features,0.001,,0.8571428571428572,0.4888888888888889,3,21,0.35,0,21,0,3,0.0,1.0,0.0,0.0,0.5,evaluated
pneumonia,xrv_features,0.001,,0.8571428571428572,0.4888888888888889,3,21,0.4,0,21,0,3,0.0,1.0,0.0,0.0,0.5,evaluated
pneumonia,xrv_features,0.001,,0.8571428571428572,0.4888888888888889,3,21,0.45,0,21,0,3,0.0,1.0,0.0,0.0,0.5,evaluated
pneumonia,xrv_features,0.001,,0.8571428571428572,0.4888888888888889,3,21,0.5,0,21,0,3,0.0,1.0,0.0,0.0,0.5,evaluated
pneumonia,xrv_features,0.001,,0.8571428571428572,0.4888888888888889,3,21,0.55,0,21,0,3,0.0,1.0,0.0,0.0,0.5,evaluated
pneumonia,xrv_features,0.001,,0.8571428571428572,0.4888888888888889,3,21,0.6,0,21,0,3,0.0,1.0,0.0,0.0,0.5,evaluated
pneumonia,xrv_features,0.001,,0.8571428571428572,0.4888888888888889,3,21,0.65,0,21,0,3,0.0,1.0,0.0,0.0,0.5,evaluated
pneumonia,xrv_features,0.001,,0.8571428571428572,0.4888888888888889,3,21,0.7,0,21,0,3,0.0,1.0,0.0,0.0,0.5,evaluated
pneumonia,xrv_features,0.001,balanced,0.8571428571428572,0.6,3,21,0.3,3,7,14,0,1.0,0.3333333333333333,0.17647058823529413,0.3,0.6666666666666666,evaluated
pneumonia,xrv_features,0.001,balanced,0.8571428571428572,0.6,3,21,0.35,3,13,8,0,1.0,0.6190476190476191,0.2727272727272727,0.42857142857142855,0.8095238095238095,evaluated
pneumonia,xrv_features,0.001,balanced,0.8571428571428572,0.6,3,21,0.4,3,14,7,0,1.0,0.6666666666666666,0.3,0.4615384615384615,0.8333333333333333,evaluated
pneumonia,xrv_features,0.001,balanced,0.8571428571428572,0.6,3,21,0.45,2,18,3,1,0.6666666666666666,0.8571428571428571,0.4,0.5,0.7619047619047619,evaluated
pneumonia,xrv_features,0.001,balanced,0.8571428571428572,0.6,3,21,0.5,1,21,0,2,0.3333333333333333,1.0,1.0,0.5,0.6666666666666666,evaluated
pneumonia,xrv_features,0.001,balanced,0.8571428571428572,0.6,3,21,0.55,0,21,0,3,0.0,1.0,0.0,0.0,0.5,evaluated
pneumonia,xrv_features,0.001,balanced,0.8571428571428572,0.6,3,21,0.6,0,21,0,3,0.0,1.0,0.0,0.0,0.5,evaluated
pneumonia,xrv_features,0.001,balanced,0.8571428571428572,0.6,3,21,0.65,0,21,0,3,0.0,1.0,0.0,0.0,0.5,evaluated
pneumonia,xrv_features,0.001,balanced,0.8571428571428572,0.6,3,21,0.7,0,21,0,3,0.0,1.0,0.0,0.0,0.5,evaluated
pneumonia,xrv_features,0.01,,0.8571428571428571,0.75,3,21,0.3,0,21,0,3,0.0,1.0,0.0,0.0,0.5,evaluated
pneumonia,xrv_features,0.01,,0.8571428571428571,0.75,3,21,0.35,0,21,0,3,0.0,1.0,0.0,0.0,0.5,evaluated
pneumonia,xrv_features,0.01,,0.8571428571428571,0.75,3,21,0.4,0,21,0,3,0.0,1.0,0.0,0.0,0.5,evaluated
pneumonia,xrv_features,0.01,,0.8571428571428571,0.75,3,21,0.45,0,21,0,3,0.0,1.0,0.0,0.0,0.5,evaluated
pneumonia,xrv_features,0.01,,0.8571428571428571,0.75,3,21,0.5,0,21,0,3,0.0,1.0,0.0,0.0,0.5,evaluated
pneumonia,xrv_features,0.01,,0.8571428571428571,0.75,3,21,0.55,0,21,0,3,0.0,1.0,0.0,0.0,0.5,evaluated
pneumonia,xrv_features,0.01,,0.8571428571428571,0.75,3,21,0.6,0,21,0,3,0.0,1.0,0.0,0.0,0.5,evaluated
pneumonia,xrv_features,0.01,,0.8571428571428571,0.75,3,21,0.65,0,21,0,3,0.0,1.0,0.0,0.0,0.5,evaluated
pneumonia,xrv_features,0.01,,0.8571428571428571,0.75,3,21,0.7,0,21,0,3,0.0,1.0,0.0,0.0,0.5,evaluated
pneumonia,xrv_features,0.01,balanced,0.8571428571428572,0.6464646464646464,3,21,0.3,2,19,2,1,0.6666666666666666,0.9047619047619048,0.5,0.5714285714285715,0.7857142857142857,evaluated
pneumonia,xrv_features,0.01,balanced,0.8571428571428572,0.6464646464646464,3,21,0.35,2,19,2,1,0.6666666666666666,0.9047619047619048,0.5,0.5714285714285715,0.7857142857142857,evaluated
pneumonia,xrv_features,0.01,balanced,0.8571428571428572,0.6464646464646464,3,21,0.4,1,21,0,2,0.3333333333333333,1.0,1.0,0.5,0.6666666666666666,evaluated
pneumonia,xrv_features,0.01,balanced,0.8571428571428572,0.6464646464646464,3,21,0.45,1,21,0,2,0.3333333333333333,1.0,1.0,0.5,0.6666666666666666,evaluated
pneumonia,xrv_features,0.01,balanced,0.8571428571428572,0.6464646464646464,3,21,0.5,0,21,0,3,0.0,1.0,0.0,0.0,0.5,evaluated
pneumonia,xrv_features,0.01,balanced,0.8571428571428572,0.6464646464646464,3,21,0.55,0,21,0,3,0.0,1.0,0.0,0.0,0.5,evaluated
pneumonia,xrv_features,0.01,balanced,0.8571428571428572,0.6464646464646464,3,21,0.6,0,21,0,3,0.0,1.0,0.0,0.0,0.5,evaluated
pneumonia,xrv_features,0.01,balanced,0.8571428571428572,0.6464646464646464,3,21,0.65,0,21,0,3,0.0,1.0,0.0,0.0,0.5,evaluated
pneumonia,xrv_features,0.01,balanced,0.8571428571428572,0.6464646464646464,3,21,0.7,0,21,0,3,0.0,1.0,0.0,0.0,0.5,evaluated
pneumonia,xrv_features,0.1,,0.8571428571428571,0.75,3,21,0.3,0,21,0,3,0.0,1.0,0.0,0.0,0.5,evaluated
pneumonia,xrv_features,0.1,,0.8571428571428571,0.75,3,21,0.35,0,21,0,3,0.0,1.0,0.0,0.0,0.5,evaluated
pneumonia,xrv_features,0.1,,0.8571428571428571,0.75,3,21,0.4,0,21,0,3,0.0,1.0,0.0,0.0,0.5,evaluated
pneumonia,xrv_features,0.1,,0.8571428571428571,0.75,3,21,0.45,0,21,0,3,0.0,1.0,0.0,0.0,0.5,evaluated
pneumonia,xrv_features,0.1,,0.8571428571428571,0.75,3,21,0.5,0,21,0,3,0.0,1.0,0.0,0.0,0.5,evaluated
pneumonia,xrv_features,0.1,,0.8571428571428571,0.75,3,21,0.55,0,21,0,3,0.0,1.0,0.0,0.0,0.5,evaluated
pneumonia,xrv_features,0.1,,0.8571428571428571,0.75,3,21,0.6,0,21,0,3,0.0,1.0,0.0,0.0,0.5,evaluated
pneumonia,xrv_features,0.1,,0.8571428571428571,0.75,3,21,0.65,0,21,0,3,0.0,1.0,0.0,0.0,0.5,evaluated
pneumonia,xrv_features,0.1,,0.8571428571428571,0.75,3,21,0.7,0,21,0,3,0.0,1.0,0.0,0.0,0.5,evaluated
pneumonia,xrv_features,0.1,balanced,0.8571428571428571,0.75,3,21,0.3,1,21,0,2,0.3333333333333333,1.0,1.0,0.5,0.6666666666666666,evaluated
pneumonia,xrv_features,0.1,balanced,0.8571428571428571,0.75,3,21,0.35,1,21,0,2,0.3333333333333333,1.0,1.0,0.5,0.6666666666666666,evaluated
pneumonia,xrv_features,0.1,balanced,0.8571428571428571,0.75,3,21,0.4,1,21,0,2,0.3333333333333333,1.0,1.0,0.5,0.6666666666666666,evaluated
pneumonia,xrv_features,0.1,balanced,0.8571428571428571,0.75,3,21,0.45,1,21,0,2,0.3333333333333333,1.0,1.0,0.5,0.6666666666666666,evaluated
pneumonia,xrv_features,0.1,balanced,0.8571428571428571,0.75,3,21,0.5,0,21,0,3,0.0,1.0,0.0,0.0,0.5,evaluated
pneumonia,xrv_features,0.1,balanced,0.8571428571428571,0.75,3,21,0.55,0,21,0,3,0.0,1.0,0.0,0.0,0.5,evaluated
pneumonia,xrv_features,0.1,balanced,0.8571428571428571,0.75,3,21,0.6,0,21,0,3,0.0,1.0,0.0,0.0,0.5,evaluated
pneumonia,xrv_features,0.1,balanced,0.8571428571428571,0.75,3,21,0.65,0,21,0,3,0.0,1.0,0.0,0.0,0.5,evaluated
pneumonia,xrv_features,0.1,balanced,0.8571428571428571,0.75,3,21,0.7,0,21,0,3,0.0,1.0,0.0,0.0,0.5,evaluated
pneumonia,xrv_features,1.0,,0.8412698412698412,0.6388888888888888,3,21,0.3,0,21,0,3,0.0,1.0,0.0,0.0,0.5,evaluated
pneumonia,xrv_features,1.0,,0.8412698412698412,0.6388888888888888,3,21,0.35,0,21,0,3,0.0,1.0,0.0,0.0,0.5,evaluated
pneumonia,xrv_features,1.0,,0.8412698412698412,0.6388888888888888,3,21,0.4,0,21,0,3,0.0,1.0,0.0,0.0,0.5,evaluated
pneumonia,xrv_features,1.0,,0.8412698412698412,0.6388888888888888,3,21,0.45,0,21,0,3,0.0,1.0,0.0,0.0,0.5,evaluated
pneumonia,xrv_features,1.0,,0.8412698412698412,0.6388888888888888,3,21,0.5,0,21,0,3,0.0,1.0,0.0,0.0,0.5,evaluated
pneumonia,xrv_features,1.0,,0.8412698412698412,0.6388888888888888,3,21,0.55,0,21,0,3,0.0,1.0,0.0,0.0,0.5,evaluated
pneumonia,xrv_features,1.0,,0.8412698412698412,0.6388888888888888,3,21,0.6,0,21,0,3,0.0,1.0,0.0,0.0,0.5,evaluated
pneumonia,xrv_features,1.0,,0.8412698412698412,0.6388888888888888,3,21,0.65,0,21,0,3,0.0,1.0,0.0,0.0,0.5,evaluated
pneumonia,xrv_features,1.0,,0.8412698412698412,0.6388888888888888,3,21,0.7,0,21,0,3,0.0,1.0,0.0,0.0,0.5,evaluated
pneumonia,xrv_features,1.0,balanced,0.8571428571428571,0.75,3,21,0.3,1,21,0,2,0.3333333333333333,1.0,1.0,0.5,0.6666666666666666,evaluated
pneumonia,xrv_features,1.0,balanced,0.8571428571428571,0.75,3,21,0.35,1,21,0,2,0.3333333333333333,1.0,1.0,0.5,0.6666666666666666,evaluated
pneumonia,xrv_features,1.0,balanced,0.8571428571428571,0.75,3,21,0.4,1,21,0,2,0.3333333333333333,1.0,1.0,0.5,0.6666666666666666,evaluated
pneumonia,xrv_features,1.0,balanced,0.8571428571428571,0.75,3,21,0.45,1,21,0,2,0.3333333333333333,1.0,1.0,0.5,0.6666666666666666,evaluated
pneumonia,xrv_features,1.0,balanced,0.8571428571428571,0.75,3,21,0.5,0,21,0,3,0.0,1.0,0.0,0.0,0.5,evaluated
pneumonia,xrv_features,1.0,balanced,0.8571428571428571,0.75,3,21,0.55,0,21,0,3,0.0,1.0,0.0,0.0,0.5,evaluated
pneumonia,xrv_features,1.0,balanced,0.8571428571428571,0.75,3,21,0.6,0,21,0,3,0.0,1.0,0.0,0.0,0.5,evaluated
pneumonia,xrv_features,1.0,balanced,0.8571428571428571,0.75,3,21,0.65,0,21,0,3,0.0,1.0,0.0,0.0,0.5,evaluated
pneumonia,xrv_features,1.0,balanced,0.8571428571428571,0.75,3,21,0.7,0,21,0,3,0.0,1.0,0.0,0.0,0.5,evaluated
pneumonia,xrv_features,10.0,,0.8571428571428571,0.75,3,21,0.3,0,21,0,3,0.0,1.0,0.0,0.0,0.5,evaluated
pneumonia,xrv_features,10.0,,0.8571428571428571,0.75,3,21,0.35,0,21,0,3,0.0,1.0,0.0,0.0,0.5,evaluated
pneumonia,xrv_features,10.0,,0.8571428571428571,0.75,3,21,0.4,0,21,0,3,0.0,1.0,0.0,0.0,0.5,evaluated
pneumonia,xrv_features,10.0,,0.8571428571428571,0.75,3,21,0.45,0,21,0,3,0.0,1.0,0.0,0.0,0.5,evaluated
pneumonia,xrv_features,10.0,,0.8571428571428571,0.75,3,21,0.5,0,21,0,3,0.0,1.0,0.0,0.0,0.5,evaluated
pneumonia,xrv_features,10.0,,0.8571428571428571,0.75,3,21,0.55,0,21,0,3,0.0,1.0,0.0,0.0,0.5,evaluated
pneumonia,xrv_features,10.0,,0.8571428571428571,0.75,3,21,0.6,0,21,0,3,0.0,1.0,0.0,0.0,0.5,evaluated
pneumonia,xrv_features,10.0,,0.8571428571428571,0.75,3,21,0.65,0,21,0,3,0.0,1.0,0.0,0.0,0.5,evaluated
pneumonia,xrv_features,10.0,,0.8571428571428571,0.75,3,21,0.7,0,21,0,3,0.0,1.0,0.0,0.0,0.5,evaluated
pneumonia,xrv_features,10.0,balanced,0.8253968253968254,0.738095238095238,3,21,0.3,1,21,0,2,0.3333333333333333,1.0,1.0,0.5,0.6666666666666666,evaluated
pneumonia,xrv_features,10.0,balanced,0.8253968253968254,0.738095238095238,3,21,0.35,1,21,0,2,0.3333333333333333,1.0,1.0,0.5,0.6666666666666666,evaluated
pneumonia,xrv_features,10.0,balanced,0.8253968253968254,0.738095238095238,3,21,0.4,1,21,0,2,0.3333333333333333,1.0,1.0,0.5,0.6666666666666666,evaluated
pneumonia,xrv_features,10.0,balanced,0.8253968253968254,0.738095238095238,3,21,0.45,1,21,0,2,0.3333333333333333,1.0,1.0,0.5,0.6666666666666666,evaluated
pneumonia,xrv_features,10.0,balanced,0.8253968253968254,0.738095238095238,3,21,0.5,1,21,0,2,0.3333333333333333,1.0,1.0,0.5,0.6666666666666666,evaluated
pneumonia,xrv_features,10.0,balanced,0.8253968253968254,0.738095238095238,3,21,0.55,0,21,0,3,0.0,1.0,0.0,0.0,0.5,evaluated
pneumonia,xrv_features,10.0,balanced,0.8253968253968254,0.738095238095238,3,21,0.6,0,21,0,3,0.0,1.0,0.0,0.0,0.5,evaluated
pneumonia,xrv_features,10.0,balanced,0.8253968253968254,0.738095238095238,3,21,0.65,0,21,0,3,0.0,1.0,0.0,0.0,0.5,evaluated
pneumonia,xrv_features,10.0,balanced,0.8253968253968254,0.738095238095238,3,21,0.7,0,21,0,3,0.0,1.0,0.0,0.0,0.5,evaluated
rib fracture,xrv_features,0.001,,0.29545454545454547,0.08680555555555555,2,22,0.3,0,22,0,2,0.0,1.0,0.0,0.0,0.5,evaluated
rib fracture,xrv_features,0.001,,0.29545454545454547,0.08680555555555555,2,22,0.35,0,22,0,2,0.0,1.0,0.0,0.0,0.5,evaluated
rib fracture,xrv_features,0.001,,0.29545454545454547,0.08680555555555555,2,22,0.4,0,22,0,2,0.0,1.0,0.0,0.0,0.5,evaluated
rib fracture,xrv_features,0.001,,0.29545454545454547,0.08680555555555555,2,22,0.45,0,22,0,2,0.0,1.0,0.0,0.0,0.5,evaluated
rib fracture,xrv_features,0.001,,0.29545454545454547,0.08680555555555555,2,22,0.5,0,22,0,2,0.0,1.0,0.0,0.0,0.5,evaluated
rib fracture,xrv_features,0.001,,0.29545454545454547,0.08680555555555555,2,22,0.55,0,22,0,2,0.0,1.0,0.0,0.0,0.5,evaluated
rib fracture,xrv_features,0.001,,0.29545454545454547,0.08680555555555555,2,22,0.6,0,22,0,2,0.0,1.0,0.0,0.0,0.5,evaluated
rib fracture,xrv_features,0.001,,0.29545454545454547,0.08680555555555555,2,22,0.65,0,22,0,2,0.0,1.0,0.0,0.0,0.5,evaluated
rib fracture,xrv_features,0.001,,0.29545454545454547,0.08680555555555555,2,22,0.7,0,22,0,2,0.0,1.0,0.0,0.0,0.5,evaluated
rib fracture,xrv_features,0.001,balanced,0.36363636363636365,0.09583333333333333,2,22,0.3,0,12,10,2,0.0,0.5454545454545454,0.0,0.0,0.2727272727272727,evaluated
rib fracture,xrv_features,0.001,balanced,0.36363636363636365,0.09583333333333333,2,22,0.35,0,16,6,2,0.0,0.7272727272727273,0.0,0.0,0.36363636363636365,evaluated
rib fracture,xrv_features,0.001,balanced,0.36363636363636365,0.09583333333333333,2,22,0.4,0,16,6,2,0.0,0.7272727272727273,0.0,0.0,0.36363636363636365,evaluated
rib fracture,xrv_features,0.001,balanced,0.36363636363636365,0.09583333333333333,2,22,0.45,0,16,6,2,0.0,0.7272727272727273,0.0,0.0,0.36363636363636365,evaluated
rib fracture,xrv_features,0.001,balanced,0.36363636363636365,0.09583333333333333,2,22,0.5,0,18,4,2,0.0,0.8181818181818182,0.0,0.0,0.4090909090909091,evaluated
rib fracture,xrv_features,0.001,balanced,0.36363636363636365,0.09583333333333333,2,22,0.55,0,19,3,2,0.0,0.8636363636363636,0.0,0.0,0.4318181818181818,evaluated
rib fracture,xrv_features,0.001,balanced,0.36363636363636365,0.09583333333333333,2,22,0.6,0,20,2,2,0.0,0.9090909090909091,0.0,0.0,0.45454545454545453,evaluated
rib fracture,xrv_features,0.001,balanced,0.36363636363636365,0.09583333333333333,2,22,0.65,0,21,1,2,0.0,0.9545454545454546,0.0,0.0,0.4772727272727273,evaluated
rib fracture,xrv_features,0.001,balanced,0.36363636363636365,0.09583333333333333,2,22,0.7,0,21,1,2,0.0,0.9545454545454546,0.0,0.0,0.4772727272727273,evaluated
rib fracture,xrv_features,0.01,,0.34090909090909094,0.09109311740890688,2,22,0.3,0,20,2,2,0.0,0.9090909090909091,0.0,0.0,0.45454545454545453,evaluated
rib fracture,xrv_features,0.01,,0.34090909090909094,0.09109311740890688,2,22,0.35,0,20,2,2,0.0,0.9090909090909091,0.0,0.0,0.45454545454545453,evaluated
rib fracture,xrv_features,0.01,,0.34090909090909094,0.09109311740890688,2,22,0.4,0,20,2,2,0.0,0.9090909090909091,0.0,0.0,0.45454545454545453,evaluated
rib fracture,xrv_features,0.01,,0.34090909090909094,0.09109311740890688,2,22,0.45,0,20,2,2,0.0,0.9090909090909091,0.0,0.0,0.45454545454545453,evaluated
rib fracture,xrv_features,0.01,,0.34090909090909094,0.09109311740890688,2,22,0.5,0,21,1,2,0.0,0.9545454545454546,0.0,0.0,0.4772727272727273,evaluated
rib fracture,xrv_features,0.01,,0.34090909090909094,0.09109311740890688,2,22,0.55,0,21,1,2,0.0,0.9545454545454546,0.0,0.0,0.4772727272727273,evaluated
rib fracture,xrv_features,0.01,,0.34090909090909094,0.09109311740890688,2,22,0.6,0,21,1,2,0.0,0.9545454545454546,0.0,0.0,0.4772727272727273,evaluated
rib fracture,xrv_features,0.01,,0.34090909090909094,0.09109311740890688,2,22,0.65,0,21,1,2,0.0,0.9545454545454546,0.0,0.0,0.4772727272727273,evaluated
rib fracture,xrv_features,0.01,,0.34090909090909094,0.09109311740890688,2,22,0.7,0,21,1,2,0.0,0.9545454545454546,0.0,0.0,0.4772727272727273,evaluated
rib fracture,xrv_features,0.01,balanced,0.3181818181818182,0.08846153846153847,2,22,0.3,0,17,5,2,0.0,0.7727272727272727,0.0,0.0,0.38636363636363635,evaluated
rib fracture,xrv_features,0.01,balanced,0.3181818181818182,0.08846153846153847,2,22,0.35,0,17,5,2,0.0,0.7727272727272727,0.0,0.0,0.38636363636363635,evaluated
rib fracture,xrv_features,0.01,balanced,0.3181818181818182,0.08846153846153847,2,22,0.4,0,17,5,2,0.0,0.7727272727272727,0.0,0.0,0.38636363636363635,evaluated
rib fracture,xrv_features,0.01,balanced,0.3181818181818182,0.08846153846153847,2,22,0.45,0,19,3,2,0.0,0.8636363636363636,0.0,0.0,0.4318181818181818,evaluated
rib fracture,xrv_features,0.01,balanced,0.3181818181818182,0.08846153846153847,2,22,0.5,0,19,3,2,0.0,0.8636363636363636,0.0,0.0,0.4318181818181818,evaluated
rib fracture,xrv_features,0.01,balanced,0.3181818181818182,0.08846153846153847,2,22,0.55,0,19,3,2,0.0,0.8636363636363636,0.0,0.0,0.4318181818181818,evaluated
rib fracture,xrv_features,0.01,balanced,0.3181818181818182,0.08846153846153847,2,22,0.6,0,20,2,2,0.0,0.9090909090909091,0.0,0.0,0.45454545454545453,evaluated
rib fracture,xrv_features,0.01,balanced,0.3181818181818182,0.08846153846153847,2,22,0.65,0,20,2,2,0.0,0.9090909090909091,0.0,0.0,0.45454545454545453,evaluated
rib fracture,xrv_features,0.01,balanced,0.3181818181818182,0.08846153846153847,2,22,0.7,0,20,2,2,0.0,0.9090909090909091,0.0,0.0,0.45454545454545453,evaluated
rib fracture,xrv_features,0.1,,0.29545454545454547,0.08608058608058608,2,22,0.3,0,19,3,2,0.0,0.8636363636363636,0.0,0.0,0.4318181818181818,evaluated
rib fracture,xrv_features,0.1,,0.29545454545454547,0.08608058608058608,2,22,0.35,0,20,2,2,0.0,0.9090909090909091,0.0,0.0,0.45454545454545453,evaluated
rib fracture,xrv_features,0.1,,0.29545454545454547,0.08608058608058608,2,22,0.4,0,20,2,2,0.0,0.9090909090909091,0.0,0.0,0.45454545454545453,evaluated
rib fracture,xrv_features,0.1,,0.29545454545454547,0.08608058608058608,2,22,0.45,0,20,2,2,0.0,0.9090909090909091,0.0,0.0,0.45454545454545453,evaluated
rib fracture,xrv_features,0.1,,0.29545454545454547,0.08608058608058608,2,22,0.5,0,20,2,2,0.0,0.9090909090909091,0.0,0.0,0.45454545454545453,evaluated
rib fracture,xrv_features,0.1,,0.29545454545454547,0.08608058608058608,2,22,0.55,0,20,2,2,0.0,0.9090909090909091,0.0,0.0,0.45454545454545453,evaluated
rib fracture,xrv_features,0.1,,0.29545454545454547,0.08608058608058608,2,22,0.6,0,20,2,2,0.0,0.9090909090909091,0.0,0.0,0.45454545454545453,evaluated
rib fracture,xrv_features,0.1,,0.29545454545454547,0.08608058608058608,2,22,0.65,0,20,2,2,0.0,0.9090909090909091,0.0,0.0,0.45454545454545453,evaluated
rib fracture,xrv_features,0.1,,0.29545454545454547,0.08608058608058608,2,22,0.7,0,20,2,2,0.0,0.9090909090909091,0.0,0.0,0.45454545454545453,evaluated
rib fracture,xrv_features,0.1,balanced,0.2727272727272727,0.08333333333333333,2,22,0.3,0,17,5,2,0.0,0.7727272727272727,0.0,0.0,0.38636363636363635,evaluated
rib fracture,xrv_features,0.1,balanced,0.2727272727272727,0.08333333333333333,2,22,0.35,0,18,4,2,0.0,0.8181818181818182,0.0,0.0,0.4090909090909091,evaluated
rib fracture,xrv_features,0.1,balanced,0.2727272727272727,0.08333333333333333,2,22,0.4,0,19,3,2,0.0,0.8636363636363636,0.0,0.0,0.4318181818181818,evaluated
rib fracture,xrv_features,0.1,balanced,0.2727272727272727,0.08333333333333333,2,22,0.45,0,19,3,2,0.0,0.8636363636363636,0.0,0.0,0.4318181818181818,evaluated
rib fracture,xrv_features,0.1,balanced,0.2727272727272727,0.08333333333333333,2,22,0.5,0,19,3,2,0.0,0.8636363636363636,0.0,0.0,0.4318181818181818,evaluated
rib fracture,xrv_features,0.1,balanced,0.2727272727272727,0.08333333333333333,2,22,0.55,0,19,3,2,0.0,0.8636363636363636,0.0,0.0,0.4318181818181818,evaluated
rib fracture,xrv_features,0.1,balanced,0.2727272727272727,0.08333333333333333,2,22,0.6,0,19,3,2,0.0,0.8636363636363636,0.0,0.0,0.4318181818181818,evaluated
rib fracture,xrv_features,0.1,balanced,0.2727272727272727,0.08333333333333333,2,22,0.65,0,20,2,2,0.0,0.9090909090909091,0.0,0.0,0.45454545454545453,evaluated
rib fracture,xrv_features,0.1,balanced,0.2727272727272727,0.08333333333333333,2,22,0.7,0,20,2,2,0.0,0.9090909090909091,0.0,0.0,0.45454545454545453,evaluated
rib fracture,xrv_features,1.0,,0.25,0.08116883116883117,2,22,0.3,0,19,3,2,0.0,0.8636363636363636,0.0,0.0,0.4318181818181818,evaluated
rib fracture,xrv_features,1.0,,0.25,0.08116883116883117,2,22,0.35,0,20,2,2,0.0,0.9090909090909091,0.0,0.0,0.45454545454545453,evaluated
rib fracture,xrv_features,1.0,,0.25,0.08116883116883117,2,22,0.4,0,20,2,2,0.0,0.9090909090909091,0.0,0.0,0.45454545454545453,evaluated
rib fracture,xrv_features,1.0,,0.25,0.08116883116883117,2,22,0.45,0,20,2,2,0.0,0.9090909090909091,0.0,0.0,0.45454545454545453,evaluated
rib fracture,xrv_features,1.0,,0.25,0.08116883116883117,2,22,0.5,0,20,2,2,0.0,0.9090909090909091,0.0,0.0,0.45454545454545453,evaluated
rib fracture,xrv_features,1.0,,0.25,0.08116883116883117,2,22,0.55,0,20,2,2,0.0,0.9090909090909091,0.0,0.0,0.45454545454545453,evaluated
rib fracture,xrv_features,1.0,,0.25,0.08116883116883117,2,22,0.6,0,20,2,2,0.0,0.9090909090909091,0.0,0.0,0.45454545454545453,evaluated
rib fracture,xrv_features,1.0,,0.25,0.08116883116883117,2,22,0.65,0,20,2,2,0.0,0.9090909090909091,0.0,0.0,0.45454545454545453,evaluated
rib fracture,xrv_features,1.0,,0.25,0.08116883116883117,2,22,0.7,0,20,2,2,0.0,0.9090909090909091,0.0,0.0,0.45454545454545453,evaluated
rib fracture,xrv_features,1.0,balanced,0.25,0.08116883116883117,2,22,0.3,0,18,4,2,0.0,0.8181818181818182,0.0,0.0,0.4090909090909091,evaluated
rib fracture,xrv_features,1.0,balanced,0.25,0.08116883116883117,2,22,0.35,0,19,3,2,0.0,0.8636363636363636,0.0,0.0,0.4318181818181818,evaluated
rib fracture,xrv_features,1.0,balanced,0.25,0.08116883116883117,2,22,0.4,0,19,3,2,0.0,0.8636363636363636,0.0,0.0,0.4318181818181818,evaluated
rib fracture,xrv_features,1.0,balanced,0.25,0.08116883116883117,2,22,0.45,0,19,3,2,0.0,0.8636363636363636,0.0,0.0,0.4318181818181818,evaluated
rib fracture,xrv_features,1.0,balanced,0.25,0.08116883116883117,2,22,0.5,0,19,3,2,0.0,0.8636363636363636,0.0,0.0,0.4318181818181818,evaluated
rib fracture,xrv_features,1.0,balanced,0.25,0.08116883116883117,2,22,0.55,0,19,3,2,0.0,0.8636363636363636,0.0,0.0,0.4318181818181818,evaluated
rib fracture,xrv_features,1.0,balanced,0.25,0.08116883116883117,2,22,0.6,0,20,2,2,0.0,0.9090909090909091,0.0,0.0,0.45454545454545453,evaluated
rib fracture,xrv_features,1.0,balanced,0.25,0.08116883116883117,2,22,0.65,0,20,2,2,0.0,0.9090909090909091,0.0,0.0,0.45454545454545453,evaluated
rib fracture,xrv_features,1.0,balanced,0.25,0.08116883116883117,2,22,0.7,0,20,2,2,0.0,0.9090909090909091,0.0,0.0,0.45454545454545453,evaluated
rib fracture,xrv_features,10.0,,0.25,0.08095238095238094,2,22,0.3,0,19,3,2,0.0,0.8636363636363636,0.0,0.0,0.4318181818181818,evaluated
rib fracture,xrv_features,10.0,,0.25,0.08095238095238094,2,22,0.35,0,19,3,2,0.0,0.8636363636363636,0.0,0.0,0.4318181818181818,evaluated
rib fracture,xrv_features,10.0,,0.25,0.08095238095238094,2,22,0.4,0,20,2,2,0.0,0.9090909090909091,0.0,0.0,0.45454545454545453,evaluated
rib fracture,xrv_features,10.0,,0.25,0.08095238095238094,2,22,0.45,0,20,2,2,0.0,0.9090909090909091,0.0,0.0,0.45454545454545453,evaluated
rib fracture,xrv_features,10.0,,0.25,0.08095238095238094,2,22,0.5,0,20,2,2,0.0,0.9090909090909091,0.0,0.0,0.45454545454545453,evaluated
rib fracture,xrv_features,10.0,,0.25,0.08095238095238094,2,22,0.55,0,20,2,2,0.0,0.9090909090909091,0.0,0.0,0.45454545454545453,evaluated
rib fracture,xrv_features,10.0,,0.25,0.08095238095238094,2,22,0.6,0,20,2,2,0.0,0.9090909090909091,0.0,0.0,0.45454545454545453,evaluated
rib fracture,xrv_features,10.0,,0.25,0.08095238095238094,2,22,0.65,0,20,2,2,0.0,0.9090909090909091,0.0,0.0,0.45454545454545453,evaluated
rib fracture,xrv_features,10.0,,0.25,0.08095238095238094,2,22,0.7,0,20,2,2,0.0,0.9090909090909091,0.0,0.0,0.45454545454545453,evaluated
rib fracture,xrv_features,10.0,balanced,0.22727272727272724,0.07919254658385093,2,22,0.3,0,18,4,2,0.0,0.8181818181818182,0.0,0.0,0.4090909090909091,evaluated
rib fracture,xrv_features,10.0,balanced,0.22727272727272724,0.07919254658385093,2,22,0.35,0,19,3,2,0.0,0.8636363636363636,0.0,0.0,0.4318181818181818,evaluated
rib fracture,xrv_features,10.0,balanced,0.22727272727272724,0.07919254658385093,2,22,0.4,0,19,3,2,0.0,0.8636363636363636,0.0,0.0,0.4318181818181818,evaluated
rib fracture,xrv_features,10.0,balanced,0.22727272727272724,0.07919254658385093,2,22,0.45,0,19,3,2,0.0,0.8636363636363636,0.0,0.0,0.4318181818181818,evaluated
rib fracture,xrv_features,10.0,balanced,0.22727272727272724,0.07919254658385093,2,22,0.5,0,19,3,2,0.0,0.8636363636363636,0.0,0.0,0.4318181818181818,evaluated
rib fracture,xrv_features,10.0,balanced,0.22727272727272724,0.07919254658385093,2,22,0.55,0,19,3,2,0.0,0.8636363636363636,0.0,0.0,0.4318181818181818,evaluated
rib fracture,xrv_features,10.0,balanced,0.22727272727272724,0.07919254658385093,2,22,0.6,0,19,3,2,0.0,0.8636363636363636,0.0,0.0,0.4318181818181818,evaluated
rib fracture,xrv_features,10.0,balanced,0.22727272727272724,0.07919254658385093,2,22,0.65,0,20,2,2,0.0,0.9090909090909091,0.0,0.0,0.45454545454545453,evaluated
rib fracture,xrv_features,10.0,balanced,0.22727272727272724,0.07919254658385093,2,22,0.7,0,20,2,2,0.0,0.9090909090909091,0.0,0.0,0.45454545454545453,evaluated
